Zwar	O
wie	O
Gott	O
allgegenwärtig	O
:	O
	
Hier	O
dürfen	O
wir	O
nu	O
nicht	O
gedencken	O
als	O
hätten	O
wir	O
uns	O
das	O
nicht	O
anzunehmen	O
sondern	O
es	O
gienge	O
allein	O
Davids	O
Musicanten	O
an	O
die	O
vermahne	O
er	O
daß	O
sie	O
den	O
Herrn	O
mit	O
Seyten	O
und	O
Pfeiffen	O
loben	O
solten	O
:	O
	
Endlich	O
aber	O
so	O
wohl	O
gerathen	O
;	O
daß	O
alles	O
in	O
Jhr	O
pur	O
und	O
rein	O
gestimmt	O
gewesen	O
.	O
	
Hallelujah	O
Heyl	O
und	O
Preiß	O
Ehre	O
und	O
Krafft	O
sey	O
Gott	O
unserm	O
Herrn	O
.	O
	
Vitae	O
Hum	O
.	O
	
Ja	O
,	O
Dank	O
,	O
herzlicher	O
Dank	O
allen	O
in	O
und	O
außer	O
der	O
Pfarre	O
,	O
die	O
durch	O
ihren	O
Zutritt	O
,	O
durch	O
ihre	O
uneigennützige	O
,	O
großmüthige	O
Unterstützung	O
in	O
großen	O
und	O
kleinen	O
Gaben	O
die	O
Ausführung	O
des	O
entworfenen	O
Plans	O
möglich	O
machten	O
.	O
	
Jesus	O
,	O
deme	O
diese	O
Umstände	O
insgesamt	O
vor	O
seinen	O
heiligen	O
Augen	O
schwebten	O
,	O
und	O
Jhme	O
tief	O
in	O
dem	O
Herzen	O
lagen	O
,	O
der	O
auch	O
merkte	O
,	O
und	O
wol	O
erkannte	O
,	O
was	O
die	O
Apostel	O
und	O
Knechte	O
Jesu	O
,	O
neben	O
andern	O
rechtschaffenen	O
Kindern	O
Gottes	O
dabey	O
würden	O
zu	O
leyden	O
haben	O
,	O
gabe	O
den	O
Seinigen	O
die	O
tröstliche	O
Verheissung	O
;	O
Gott	O
werde	O
bald	O
ein	O
neues	O
schaffen	O
;	O
es	O
werde	O
Vorbotten	O
und	O
nachdrükliche	O
Denkzeichen	O
geben	O
,	O
welche	O
sie	O
wol	O
zu	O
beurtheilen	O
hätten	O
:	O
	
Gleichwie	O
demnach	O
die	O
Jüden	O
zur	O
Zeit	O
der	O
Babylonischen	O
Gefängnis	O
die	O
Orgeln	O
und	O
Harffen	O
an	O
die	O
Weidenbäume	O
hengen	O
musten	O
.	O
	
Ist	O
unsere	O
Buße	O
nicht	O
aufrichtig	O
redlich	O
und	O
aus	O
reiner	O
Absicht	O
gegen	O
Gott	O
so	O
wird	O
auch	O
alles	O
was	O
du	O
immermehr	O
in	O
deinem	O
Christenthum	O
dir	O
träumen	O
läßt	O
gutes	O
vorzunehmen	O
Gott	O
mißfällig	O
und	O
in	O
seinen	O
Ohren	O
hartlautend	O
seyn	O
;	O
wie	O
etwa	O
dorten	O
Christus	O
unter	O
einem	O
andern	O
Gleichnüß	O
sagt	O
:	O
	
Elisa	B-PER
war	O
im	O
heiligen	O
Eifer	O
entrüstet	O
über	O
den	O
abgöttischen	O
Joram	B-PER
,	O
den	O
König	O
in	O
Jsrael	O
,	O
wie	O
aus	O
dem	O
13	O
und	O
14	O
Vers	O
ee	O
)	O
Vide	O
plurima	O
Bocharti	B-PER
Hieroz	O
.	O
	
Wie	O
Christus	O
inn	O
seiner	O
Osterpredigt	O
mit	O
durchdringender	O
betewerung	O
vnnd	O
ermahnung	O
befihlet	O
Daß	O
Gott	O
sein	O
lieber	O
vnd	O
himmlischer	O
Vater	O
allenthalben	O
von	O
allen	O
Menschen	O
vor	O
seine	O
Göttliche	O
selige	O
Wolthaten	O
soll	O
gelobet	O
erhaben	O
vnd	O
gepriesen	O
werden	O
.	O
	
mein	O
Engel	O
!	O
	
Mein	O
Nam	O
heist	O
Tod	O
und	O
die	O
Hölle	O
folget	O
mir	O
nach	O
.	O
	
Bezieht	O
sich	O
daneben	O
auff	O
Lactantium	B-PER
und	O
Erasmum	B-PER
,	O
welche	O
beyderseits	O
die	O
Music	O
in	O
Kirchen	O
als	O
weltliche	O
zur	O
Uppigkeit	O
reitzende	O
und	O
der	O
Kirche	O
unnöthige	O
Unkosten	O
verursachende	O
Dinge	O
verwerffen	O
.	O
	
Ipsa	O
caro	O
est	O
jumentum	O
animæ	O
,	O
unser	O
Fleisch	O
ist	O
das	O
Pferd	O
worauf	O
die	O
Seele	O
auf	O
der	O
Post	O
reitet	O
so	O
steiget	O
die	O
Seel	O
alsdann	O
ab	O
und	O
das	O
Pferd	O
kommt	O
zu	O
Ruh	O
.	O
	
Jn	O
solcher	O
Betrachtung	O
hat	O
Gregorius	B-PER
Fürst	O
zu	O
Anhalt	O
recht	O
geschlossen	O
man	O
solte	O
die	O
Christlichen	O
Gesänge	O
thewer	O
lieb	O
und	O
werth	O
halten	O
denn	O
da	O
der	O
Allmächtige	O
Gott	O
es	O
umb	O
der	O
Sünden	O
willen	O
verhinge	O
daß	O
jemand	O
in	O
der	O
Türckey	B-LOC
gefangen	O
were	O
er	O
gleichwol	O
aus	O
solchen	O
Gesängen	O
ein	O
nothdürfftige	O
Vnterweisung	O
und	O
den	O
höchsten	O
Trost	O
haben	O
könte	O
ja	O
es	O
kan	O
eben	O
durch	O
dieses	O
Mittel	O
die	O
reine	O
Lehr	O
erhalten	O
und	O
weiter	O
gebracht	O
werden	O
etc	O
Vnd	O
Spangenbergius	B-PER
schreibet	O
in	O
Cithara	O
Lutheri	O
,	O
dieweil	O
in	O
den	O
Geistlichen	O
deutschen	O
Liedern	O
so	O
viel	O
guts	O
und	O
so	O
hohes	O
Erkäntnüs	O
steckt	O
so	O
sol	O
man	O
sie	O
desto	O
lieber	O
lernen	O
und	O
desto	O
öffter	O
singen	O
:	O
	
Massen	O
die	O
Ohren	O
gleichsam	O
zwey	O
Haupt	O
Röhrn	O
dadurch	O
der	O
Wind	O
Göttliches	O
Wortes	O
soll	O
und	O
muß	O
getrieben	O
werden	O
.	O
	
Sit	O
modus	O
in	O
rebus	O
,	O
sint	O
certi	O
denique	O
fines	O
,	O
Quos	O
vltrà	O
citroque	O
nequit	O
consistere	O
rectum	O
.	O
	
nicht	O
festlich	O
begehen	O
den	O
heutigen	O
Tag	O
,	O
der	O
der	O
Weihung	O
des	O
schönen	O
vollständigen	O
Werkes	O
bestimmt	O
ist	O
?	O
	
Allein	O
was	O
?	O
	
Das	O
Wort	O
so	O
im	O
Grund	O
Text	O
steht	O
,	O
heist	O
:	O
	
Nun	O
der	O
Gott	O
der	O
Davids	B-PER
Stimme	O
gehöret	O
und	O
erhöret	O
daß	O
er	O
sich	O
dessen	O
in	O
dieser	O
Rede	O
berühmen	O
können	O
?	O
	
Num	O
15	O
Et	O
sic	O
repentæ	O
precipitas	O
me	O
.	O
	
Erstlich	O
Jonicus	O
,	O
welcher	O
von	O
Luciano	B-PER
genennet	O
wird	O
γλαφυρὸς	O
jucundus	O
,	O
der	O
liebliche	O
von	O
Apulejo	B-PER
aber	O
wird	O
er	O
genennet	O
lascivus	O
der	O
uppige	O
oder	O
müthige	O
wird	O
gemeiniglich	O
gebraucht	O
zu	O
den	O
lateinischen	O
Versen	O
die	O
Jambici	O
genennet	O
werden	O
.	O
	
O	O
wie	O
heilig	O
,	O
rührend	O
,	O
allgemein	O
bessernd	O
ist	O
nicht	O
die	O
Lobstimme	O
einer	O
Familie	O
oder	O
gar	O
einer	O
zahlreichen	O
Versammlung	O
,	O
die	O
mit	O
einem	O
Munde	O
einmüthiglich	O
lobet	O
Gott	O
und	O
den	O
Vater	O
unsers	O
Herrn	O
Jesu	B-PER
Christi	I-PER
!	O
	
Jtzo	O
aber	O
ôgrosser	O
Gott	O
hast	O
Du	O
ein	O
mehres	O
dazu	O
gethan	O
du	O
hast	O
unsere	O
Andacht	O
zu	O
Deines	O
Nahmens	O
Lob	O
und	O
Ehre	O
zu	O
vermehren	O
dies	O
vor	O
Augenstehende	O
Orgel	O
Werck	O
gefertiget	O
du	O
bist	O
der	O
gute	O
und	O
treue	O
Jairos	O
erwecket	O
hast	O
so	O
wol	O
inals	O
ausserhalb	O
dieser	O
Gemeine	O
(	O
derer	O
Theils	O
in	O
dir	O
entschlaffen	O
derer	O
Gedächtniß	O
bey	O
den	O
Nachkommen	O
im	O
Segen	O
bleibe	O
;	O
)	O
die	O
sich	O
der	O
Noht	O
dieses	O
Hauses	O
angenommen	O
und	O
zu	O
Bewerckstelligung	O
dieses	O
Orgel	O
Wercks	O
von	O
Jhrem	O
Seegen	O
den	O
Du	O
Jhnen	O
ertheilet	O
mildiglich	O
Besteur	O
gethan	O
;	O
Davor	O
sey	O
Dein	O
Nahme	O
frommer	O
barmhertziger	O
Gott	O
heut	O
und	O
in	O
Ewigkeit	O
gelobet	O
und	O
gerühmet	O
.	O
	
Und	O
von	O
wem	O
hat	O
der	O
Mensch	O
denselben	O
empfangen	O
?	O
	
Was	O
Zacharias	B-PER
in	O
dem	O
damaligen	O
Weltalter	O
voraus	O
sagte	O
,	O
gilt	O
eigentlich	O
und	O
in	O
seinem	O
vollen	O
Maaße	O
von	O
dem	O
unsrigen	O
.	O
	
Sie	O
wurde	O
einmüthig	O
so	O
bestimmt	O
,	O
daß	O
sowohl	O
Vorals	O
Nachmittags	O
von	O
uns	O
Predigern	O
auf	O
diese	O
Feier	O
in	O
den	O
zu	O
haltenden	O
Vorträgen	O
,	O
Rücksicht	O
genommen	O
und	O
die	O
vom	O
Herrn	O
Musikdirektor	O
Zachariä	B-PER
für	O
diese	O
Feierlichkeit	O
verfertigte	O
Musik	O
auch	O
Vor	O
und	O
Nachmittags	O
aufgeführt	O
werden	O
sollte	O
.	O
	
nur	O
den	O
Freund	O
lieben	O
,	O
und	O
deinen	O
Feind	O
hassen	O
.	O
	
So	O
wir	O
unserer	O
Muthmassung	O
trauen	O
dürffen	O
wird	O
das	O
erste	O
Instrument	O
so	O
durch	O
einen	O
Blasebalg	O
gleichsam	O
beseelet	O
worden	O
kaum	O
was	O
anders	O
als	O
eine	O
Sackpfeiffe	O
gewesen	O
seyn	O
.	O
	
Ephes	O
519	O
Coloss	O
.	O
	
Melodische	O
Gesänge	O
geben	O
diesen	O
Bekenntnissen	O
des	O
Christenthums	O
,	O
diesen	O
Aufopferungen	O
des	O
menschlichen	O
Herzens	O
an	O
Gott	O
und	O
seine	O
Wahrheit	O
,	O
Kraft	O
,	O
Stärke	O
und	O
Leben	O
,	O
diesen	O
heiligen	O
Entschlüßen	O
für	O
die	O
Tugend	O
und	O
Rechtschaffenheit	O
neues	O
Leben	O
,	O
Stärke	O
,	O
und	O
beseligende	O
Kraft	O
.	O
	
)	O
zu	O
verdeutschen	O
unmöglich	O
:	O
	
denen	O
aber	O
die	O
Wittenbergischen	O
Theologi	O
wohl	O
geantwortet	O
.	O
	
Wie	O
es	O
auch	O
niemand	O
dahin	O
deuten	O
soll	O
daß	O
wir	O
zu	O
ärgerlicher	O
Newerung	O
bey	O
der	O
Kirchen	O
oder	O
zu	O
vergebenlicher	O
Außgabe	O
vnnd	O
grossem	O
Vnkosten	O
lust	O
haben	O
.	O
	
Denn	O
Ubi	O
sunt	O
gaudia	O
?	O
	
Regal	O
8	O
Fuß	O
:	O
	
über	O
welches	O
sie	O
sich	O
höchlich	O
verwundert	O
auch	O
ihn	O
nach	O
Begehren	O
neben	O
sein	O
Weib	O
angebunden	O
nachmahls	O
den	O
gantzen	O
Verlauff	O
beytragen	O
dem	O
König	O
zu	O
Tunis	B-LOC
,	O
welcher	O
dann	O
solche	O
Eheliche	O
Treu	O
nicht	O
allein	O
höchst	O
gepriesen	O
sondern	O
neben	O
ertheilter	O
Freyheit	O
vnd	O
ansehelicher	O
Beschenckung	O
ein	O
ewige	O
Unterhaltung	O
angeschafft	O
.	O
	
Weil	O
aber	O
deßen	O
so	O
viel	O
war	O
so	O
viel	O
der	O
Güter	O
Kleider	O
und	O
köstlichen	O
Geräths	O
daß	O
sie	O
3	O
gantzer	O
Tage	O
damit	O
zu	O
thun	O
hatten	O
;	O
so	O
kamen	O
sie	O
am	O
vierten	O
Tage	O
(	O
wie	O
zuvor	O
gesagt	O
)	O
zusammen	O
im	O
Lobethal	B-LOC
(	O
welches	O
Thal	O
Ziz	O
,	O
genannt	O
auf	O
Hebreisch	O
eine	O
Höhle	O
bedeutet	O
wie	O
(	O
lib	O
.	O
	
Es	O
faßte	O
also	O
das	O
in	O
der	O
Rede	O
namhaft	O
gemachte	O
Deutsche	B-PER
Kirchenglied	I-PER
,	O
ein	O
Hamburger	B-LOC
von	O
Geburt	O
,	O
den	O
Entschluß	O
,	O
von	O
dem	O
nach	O
seinem	O
Tode	O
zurückbleibenden	O
losen	O
Vermögen	O
den	O
sechszehnten	O
Theil	O
,	O
der	O
nach	O
itzigem	O
Curse	O
etwa	O
580	O
Holländische	O
Dukaten	O
betragen	O
möchte	O
,	O
zu	O
einer	O
neuen	O
Orgel	O
zu	O
vermachen	O
.	O
	
Jngleichen	O
einer	O
Coppel	O
zu	O
allen	O
drey	O
Claviren	O
wie	O
auch	O
einer	O
Coppel	O
zum	O
Pedal	O
und	O
Rückpositiv	O
.	O
	
Diese	O
hat	O
im	O
obern	O
Werk	O
ein	O
herrlich	O
Principal	O
,	O
auch	O
in	O
dem	O
Ruck	O
Positiv	O
ein	O
Sonders	O
welches	O
herrlich	O
klinget	O
und	O
diesen	O
Namen	O
nicht	O
umsonst	O
hat	O
.	O
	
XX	O
,	O
8	O
)	O
Der	O
Tyranne	O
trotzet	O
auf	O
seine	O
Stärcke	O
und	O
Gewalt	O
daß	O
er	O
Schaden	O
thun	O
kan	O
.	O
	
Dann	O
Anno	O
1639	O
im	O
Monat	O
Octobris	O
zog	O
Er	O
uf	O
Hochfürst	O
Gnäd	O
Herrschafft	O
Verordnung	O
mit	O
der	O
Durchleuchtigsten	O
Fürstin	O
und	O
Frauen	O
Frauen	O
etc	O
Gebornen	O
Marggräfin	O
zu	O
Brandenburg	B-LOC
nach	O
Greitz	B-LOC
in	O
Oesterreich	B-LOC
als	O
Jhrer	O
Durchl	O
beruffener	O
Hof	O
Prediger	O
und	O
Cammer	O
Secretarius	O
.	O
	
Ein	O
rechtschaffner	O
Lehrer	O
,	O
der	O
gerne	O
seine	O
Zuhörer	O
mit	O
diesen	O
Liedern	O
bekannt	O
machte	O
,	O
muß	O
mit	O
Betrübniß	O
seinen	O
redlich	O
gesinnten	O
Wunsch	O
aufgeben	O
,	O
wenn	O
er	O
sich	O
von	O
denjenigen	O
Mitteln	O
verlassen	O
siehet	O
,	O
durch	O
welche	O
er	O
allein	O
zum	O
Zwecke	O
gelangen	O
kann	O
.	O
	
Jst	O
denn	O
nicht	O
Andacht	O
Vertrauen	O
zu	O
Gott	O
und	O
seinem	O
barmherzigen	O
Walten	O
?	O
	
Da	O
er	O
davon	O
diese	O
Worte	O
führet	O
:	O
	
Denn	O
da	O
zwar	O
eitele	O
Welt	O
Kinder	O
dieselbe	O
sonderlich	O
lieben	O
wie	O
der	O
Prophet	O
vid	O
Serpilii	B-PER
Gottgeheiligte	O
Sing	O
und	O
Früh	O
Stunden	O
p	O
m	O
32	O
Esaias	B-PER
von	O
ihnen	O
anzeiget	O
:	O
	
Zeige	O
dich	O
in	O
den	O
Wercken	O
sonst	O
traue	O
ich	O
nicht	O
.	O
	
Ließ	O
sich	O
doch	O
der	O
grosse	O
Creutz	O
Träger	O
bey	O
alle	O
seinem	O
Verlust	O
hören	O
:	O
	
Hist	O
Gothanae	O
p	O
246	O
erzehlet	O
.	O
	
Die	O
Zunge	O
giebt	O
keinen	O
Thon	O
und	O
Wort	O
von	O
sich	O
,	O
die	O
Augen	O
Finger	O
und	O
andere	O
Gliedmaßen	O
werden	O
nicht	O
geregt	O
und	O
bewegt	O
,	O
wo	O
nicht	O
der	O
Organist	O
,	O
die	O
Seele	O
,	O
sie	O
berühret	O
und	O
schlägt	O
.	O
	
Nun	O
du	O
schöne	O
Orgel	O
du	O
angenehmes	O
Werck	O
zum	O
Preiß	O
unsers	O
Gottes	O
in	O
dieser	O
Gemeine	O
auffgerichtet	O
erhebe	O
deine	O
äusserliche	O
Stimme	O
mit	O
welcher	O
wir	O
die	O
Stimme	O
unserer	O
innerlichen	O
Andacht	O
verknüpffen	O
wollen	O
laß	O
deinen	O
Thon	O
erklingen	O
worüber	O
die	O
Engel	O
im	O
Himmel	O
sich	O
erfreuen	O
die	O
Pforten	O
der	O
Höllen	O
erzittern	O
und	O
unsers	O
grossen	O
Gottes	O
Hertz	O
beweget	O
werden	O
möge	O
zu	O
diesem	O
Wiederschall	O
:	O
	
Aber	O
was	O
sie	O
eigentlich	O
sey	O
weis	O
keiner	O
.	O
	
Man	O
lieset	O
von	O
dem	O
heiligen	O
Kirchenlehrer	O
Augustino	B-PER
,	O
daß	O
derselbe	O
sich	O
darüber	O
herzlich	O
zu	O
freuen	O
gepfleget	O
,	O
wenn	O
er	O
eine	O
ganze	O
volkreiche	O
Gemeine	O
aus	O
einem	O
gleichstimmigen	O
Thone	O
,	O
als	O
wenn	O
es	O
nur	O
eine	O
Stimme	O
wäre	O
,	O
singen	O
gehöret	O
.	O
	
Jn	O
allen	O
Dingen	O
lasset	O
uns	O
beweisen	O
als	O
die	O
Diener	O
Gottes	O
durch	O
Ehre	O
und	O
Schande	O
durch	O
böse	O
Gerüchte	O
und	O
gute	O
Gerüchte	O
2	O
Cor	O
VI	O
4	O
8	O
Lasset	O
euch	O
immer	O
bey	O
euern	O
gottseeligen	O
Wandel	O
verachten	O
euer	O
Schande	O
ist	O
Gottes	O
Ehre	O
und	O
so	O
ihr	O
diese	O
durch	O
jene	O
befördert	O
seyd	O
ihr	O
in	O
Gottes	O
Gnaden	O
Reich	O
.	O
	
Heilig	O
,	O
heilig	O
,	O
heilig	O
ist	O
der	O
Herr	O
Zebaot	O
!	O
	
Diesen	O
Schrecken	O
vertreibet	O
das	O
liebreiche	O
Gehör	O
derer	O
Trostworte	O
,	O
so	O
denen	O
Bußfertigen	O
die	O
Vergebung	O
ihrer	O
Sünden	O
verkündigen	O
,	O
wornach	O
David	B-PER
hertzlich	O
seüfftzet	O
und	O
spricht	O
:	O
	
dann	O
er	O
mahnet	O
die	O
Epheser	O
vnd	O
vns	O
alle	O
ab	O
von	O
der	O
Füllerey	O
vnd	O
Trunckenheit	O
in	O
dem	O
er	O
sagt	O
:	O
	
4	O
Ad	O
memoriam	O
und	O
animum	O
Acuendum	O
.	O
	
Wie	O
man	O
denn	O
vom	O
Alexandro	B-PER
Magno	I-PER
lieset	O
daß	O
er	O
durch	O
eine	O
lustige	O
Music	O
ist	O
bewegt	O
worden	O
seine	O
Waffen	O
und	O
Kriegsrüstung	O
wieder	O
abzulegen	O
.	O
	
I12	O
n	O
VIII	O
p	O
179	O
Pet	B-PER
.	I-PER
	
Abba	O
,	O
mein	O
Vater	O
,	O
nicht	O
geschehen	O
,	O
daß	O
,	O
durch	O
Rührung	O
solches	O
schönen	O
Orgel	O
Wercks	O
,	O
nur	O
unsere	O
Ohren	O
gekützelt	O
,	O
nicht	O
aber	O
auch	O
,	O
unser	O
aller	O
Hertzen	O
zugleich	O
,	O
gerühret	O
,	O
und	O
zu	O
heiliger	O
Andacht	O
erwecket	O
werden	O
.	O
	
Lasse	O
,	O
o	O
Herr	O
,	O
unter	O
unserm	O
Loben	O
und	O
Danken	O
,	O
unter	O
unserm	O
Flehen	O
und	O
Gesängen	O
dein	O
Reich	O
und	O
Kraft	O
zu	O
uns	O
kommen	O
:	O
	
Es	O
wäre	O
besser	O
die	O
Orgeln	O
würden	O
aus	O
denen	O
Kirchen	O
geschaffet	O
.	O
	
cessavi	O
a	O
verbis	O
legis	O
.	O
	
Und	O
wir	O
wollten	O
uns	O
nicht	O
freuen	O
,	O
daß	O
wir	O
auch	O
dieses	O
Andachtsmittel	O
in	O
unserer	O
Kirche	O
haben	O
?	O
	
Jhr	O
aber	O
nicht	O
also	O
!	O
	
So	O
weit	O
Herr	O
D	O
Müllers	B-PER
Worte	O
.	O
	
Es	O
LXI	O
v	O
10	O
Der	O
Heilige	O
Geist	O
wird	O
durch	O
die	O
Qvinta	O
Thöne	O
Rausch	O
Qvinten	O
Füll	O
Qvinten	O
Scharff	O
Qvinten	O
Spitz	O
Qvinten	O
die	O
fünff	O
Wundern	O
Jesu	O
in	O
eurem	O
Hertzen	O
kräfftig	O
und	O
lebendig	O
machen	O
,	O
daß	O
ihr	O
freudig	O
einstimmen	O
werdet	O
:	O
	
CXXXV	O
,	O
1	O
seqq	O
.	O
	
15	O
Wie	O
man	O
aber	O
auch	O
offt	O
höret	O
daß	O
die	O
Orgel	O
verstimmt	O
ist	O
und	O
einer	O
Wiederanstimmung	O
vonnöthen	O
hat	O
also	O
verstimmet	O
sich	O
des	O
Herrn	B-PER
Jesu	I-PER
geistliches	O
Orgel	O
Werck	O
offt	O
gar	O
sehr	O
es	O
thun	O
sich	O
allerhand	O
wiederwärtige	O
Dissonantien	O
herfür	O
daran	O
der	O
Herr	B-PER
genug	O
zu	O
thun	O
hat	O
daß	O
er	O
sie	O
wiederumb	O
in	O
richtige	O
Harmonie	O
bringe	O
.	O
	
Gott	O
der	O
allmächtige	O
!	O
	
Wobey	O
wir	O
uns	O
sollen	O
belehren	O
lassen	O
,	O
daß	O
wir	O
uns	O
mit	O
Zittern	O
freuen	O
,	O
und	O
unsere	O
Seligkeit	O
mit	O
Furcht	O
und	O
Zittern	O
schaffen	O
mögen	O
.	O
	
Jehova	O
du	O
Gott	O
Jsrael	O
!	O
	
So	O
gehe	O
hin	O
,	O
und	O
thue	O
desgleichen	O
.	O
	
Moses	B-PER
hat	O
zu	O
seiner	O
Zeit	O
wie	O
wir	O
ietzo	O
gehöret	O
verbieten	O
müssen	O
das	O
niemand	O
mehr	O
was	O
zum	O
Bau	O
der	O
Hütten	O
geben	O
und	O
bringen	O
solte	O
Aber	O
ach	O
leyder	O
!	O
	
Der	O
Herr	O
vergelte	O
es	O
ihnen	O
nach	O
dem	O
Reichthum	O
seiner	O
Gnade	O
.	O
	
Der	O
Evangelische	O
Weißheit	O
Spruch	O
so	O
nach	O
gewöhnlichen	O
Jahrs	O
Methodo	O
,	O
aus	O
dem	O
Evangelio	O
Matth	O
VI	O
zu	O
erklären	O
ist	O
v	O
31	O
32	O
33	O
Dieser	O
:	O
	
Hier	O
aber	O
haben	O
wir	O
den	O
Befehl	O
an	O
im	O
selbst	O
wol	O
zu	O
erwegen	O
vnd	O
darnach	O
wie	O
er	O
soll	O
expediret	O
vnnd	O
verrichtet	O
das	O
ist	O
Gott	O
gelobet	O
werden	O
Wenn	O
nun	O
Christus	O
hier	O
gebeut	O
vnd	O
saget	O
Es	O
lobe	O
jhn	O
nemlichen	O
Gott	O
meinen	O
himlischen	O
Vatern	O
So	O
lesset	O
Er	B-PER
trawen	O
sich	O
hören	O
alß	O
vnser	O
Allmechtiger	O
Herr	O
vnnd	O
alß	O
vnser	O
Erlöser	O
:	O
	
10	O
D	O
Martinus	B-PER
Geier	I-PER
.	O
	
Gott	O
nehme	O
von	O
unsern	O
Jahren	O
und	O
lege	O
sie	O
unserm	O
Gnädigsten	O
Landes	O
Vater	O
zu	O
.	O
	
Deines	O
liebsten	O
Vatters	O
vergessen	O
?	O
	
Also	O
sag	O
ich	O
ist	O
es	O
nicht	O
unrecht	O
noch	O
verwerflich	O
daß	O
man	O
Orgeln	O
und	O
Seitenspiel	O
beym	O
Gottesdienst	O
gebrauchet	O
.	O
	
Und	O
ich	O
sahe	O
,	O
und	O
zwar	O
gewiß	O
,	O
nicht	O
etwan	O
in	O
einer	O
Phantasie	O
oder	O
Einbildung	O
,	O
sondern	O
aus	O
einer	O
göttlichen	O
Offenbahrung	O
.	O
	
Wie	O
dann	O
bey	O
Abholung	O
der	O
Laden	O
deß	O
Bunds	O
sein	O
künstliche	O
Figural	O
und	O
Jnstrumental	O
Music	O
per	O
Choros	O
und	O
Umbachslungen	O
angestellet	O
und	O
Heman	B-PER
Assaph	B-PER
Ethan	B-PER
als	O
Jnstrumentisten	O
eingeführet	O
werden	O
1	O
Paral	O
.	O
	
Der	O
zeitlichen	O
Ehr	O
wil	O
ich	O
gern	O
entbehrn	O
Du	O
wollest	O
mir	O
nur	O
das	O
Ewige	O
gewehrn	O
Das	O
du	O
erworben	O
hast	O
Durch	O
deinen	O
herben	O
bittern	O
Todt	O
Das	O
bitt	O
ich	O
dich	O
mein	O
Herr	B-PER
und	O
Gott	O
!	O
	
p	O
m	O
365	O
semper	O
et	O
vbique	O
ab	O
Ecclesiae	O
primordiis	O
vsque	O
ad	O
sec	O
.	O
	
Lobet	O
jhn	O
mit	O
hellen	O
Cymbaln	O
.	O
	
COnsilio	O
inito	O
emerunt	O
ex	O
illis	O
agrum	O
figuli	O
in	O
Sepulturam	O
peregrinorum	O
,	O
und	O
c	O
Invenit	O
tandem	O
mens	O
cæca	O
remedium	O
.	O
	
A	O
2	O
Dem	O
Edlen	O
Herrn	O
Caspar	B-PER
Huigen	I-PER
Consultori	O
wie	O
auch	O
der	O
Löbl	O
.	O
	
Denn	O
da	O
lesen	O
wir	O
:	O
	
Christliche	O
Zuhörer	O
aber	O
sollen	O
Gott	O
für	O
solche	O
seine	O
sonderbare	O
Gnad	O
für	O
allem	O
Dancken	O
daß	O
er	O
jhnen	O
nicht	O
allein	O
seyn	O
liebes	O
Wort	O
vnd	O
Brauch	O
seiner	O
Heiligen	O
Sacramenten	O
rain	O
vnnd	O
vnverfälscht	O
in	O
jhrem	O
Ministerio	O
vnnd	O
Predigampt	O
:	O
	
Habt	O
ihrs	O
vernommen	O
ihr	O
hochwitzige	O
vnd	O
Kunstreiche	O
Leuth	O
?	O
	
LXX	O
habens	O
geben	O
φθόγγος	O
αυτῶν	O
sonus	O
eorum	O
ihr	O
Klang	O
ihr	O
Schal	O
wie	O
es	O
Paulus	B-PER
auch	O
also	O
erkläret	O
und	O
approbiret	O
.	O
	
Nvn	O
hat	O
der	O
Herr	O
meine	O
Bitte	O
gegeben	O
die	O
ich	O
von	O
Ihn	O
bath	O
.	O
	
Jetzund	O
stehet	O
das	O
ganze	O
geistliche	O
Clarißische	O
Orgelwerk	O
,	O
der	O
Wind	O
dazu	O
ist	O
die	O
Gnade	O
des	O
heiligen	O
Geistes	O
vermög	O
jener	O
Wort	O
Joan	O
.	O
	
das	O
hiesige	O
Predigamt	O
hat	O
,	O
mit	O
Einverständigung	O
der	O
hiesigen	O
weltlichen	O
Obern	O
und	O
Vorgesezten	O
vor	O
ungefähr	O
3	O
Jahren	O
von	O
dieser	O
heiligen	O
Stätte	O
einen	O
wolgemeynten	O
Vortrag	O
gemacht	O
,	O
daß	O
man	O
von	O
Seiten	O
der	O
Balingischen	O
Jnnwohnerschaft	O
sich	O
aus	O
jedem	O
Hause	O
zu	O
einem	O
stärkern	O
Orgelwerk	O
einen	O
ergiebigen	O
Beytrag	O
möchte	O
gefallen	O
lassen	O
.	O
	
So	O
ist	O
nun	O
nichts	O
Verdammliches	O
an	O
uns	O
die	O
wir	O
in	O
Christo	O
Jesu	O
sind	O
.	O
	
Da	O
fühl	O
ich	O
durch	O
den	O
frommen	O
Dank	O
,	O
womit	O
dich	O
Christen	O
loben	O
,	O
durch	O
ihren	O
heiligen	O
Gesang	O
zum	O
Himmel	O
mich	O
erhoben	O
.	O
	
l	O
14	O
c	O
11	O
item	O
Aelianus	B-PER
var	O
.	O
	
OSupremi	O
Seraphici	O
Spiritus	O
!	O
	
Eine	O
Sache	O
sich	O
zu	O
seiner	O
einzigen	O
Ergötzung	O
und	O
zum	O
inniglichen	O
Vergnügen	O
des	O
Hertzens	O
ausstellen	O
,	O
darüber	O
,	O
wenn	O
man	O
es	O
hat	O
,	O
sich	O
hertzlich	O
erfreuen	O
,	O
oder	O
wenn	O
man	O
es	O
verlohren	O
,	O
sich	O
aufs	O
höchste	O
betrüben	O
.	O
	
David	B-PER
und	O
mit	O
ihm	O
das	O
ganze	O
frohlockende	O
Volk	O
,	O
wurden	O
hier	O
vorzüglich	O
der	O
gnaden	O
Wohlthaten	O
Gottes	O
erinnert	O
,	O
denn	O
was	O
konnten	O
sie	O
bei	O
Darbringung	O
dieses	O
Heiligthums	O
,	O
welches	O
fast	O
ganzer	O
71Jahr	O
in	O
dem	O
Hause	O
des	O
Leviten	O
,	O
in	O
einer	O
Art	O
von	O
Vergessenheit	O
gestanden	O
,	O
anders	O
denken	O
,	O
als	O
daß	O
der	O
Herr	O
seinem	O
Volke	O
wiederum	O
gnädig	O
,	O
daß	O
er	O
die	O
ihm	O
angethane	O
Schmach	O
ihrer	O
Feinde	O
gerochen	O
,	O
daß	O
er	O
ihnen	O
sein	O
Wort	O
welches	O
zu	O
den	O
Zeiten	O
Eli	B-PER
theuer	O
geworden	O
,	O
wiederum	O
reichlich	O
geschenket	O
,	O
daß	O
sie	O
ihrer	O
Gottesdienste	O
in	O
ungestöhrter	O
Ruhe	O
warten	O
könnten	O
.	O
	
Wir	O
wollen	O
vielmehr	O
unsere	O
schöne	O
neue	O
Orgel	O
mit	O
Freuden	O
annehmen	O
:	O
	
Simulacra	O
gentium	O
argentum	O
und	O
aurum	O
,	O
und	O
setzete	O
darzu	O
:	O
	
bekräftigen	O
diese	O
heilige	O
Verrichtung	O
im	O
Hause	O
des	O
Herrn	O
.	O
	
Er	O
fand	O
endlich	O
in	O
dieser	O
alten	O
berühmten	O
Reichsstadt	B-LOC
,	O
die	O
der	O
Herr	O
überschwenglich	O
seegnen	O
wolle	O
,	O
einen	O
Ort	O
,	O
wo	O
sein	O
Fuß	O
ruhen	O
konnte	O
.	O
	
Wer	O
unnöthigen	O
Sachen	O
nachgehet	O
der	O
ist	O
ein	O
Narr	O
spricht	O
Salomo	B-PER
Sprüchw	O
.	O
	
O	O
lasset	O
euch	O
zubereiten	O
;	O
denn	O
ihr	O
könnts	O
selbst	O
nicht	O
thun	O
.	O
	
Wie	O
gesaget	O
so	O
geschehen	O
!	O
	
Nemlich	O
hie	O
stehet	O
dar	O
ein	O
nach	O
Beschaffenheit	O
des	O
Platzes	O
wohlerbauter	O
Orgel	O
Kasten	O
so	O
von	O
vielem	O
Gold	O
zwar	O
schön	O
schimmert	O
aber	O
doch	O
nur	O
geringes	O
Holtz	O
ist	O
:	O
	
Beweg	O
Gründe	O
genug	O
führet	O
ja	O
der	O
Liebhaber	O
des	O
Friedens	O
Jesus	O
in	O
unserem	O
Text	O
an	O
die	O
einen	O
jeden	O
Christen	O
in	O
was	O
für	O
einem	O
Stand	O
er	O
lebet	O
zur	O
Demuth	O
und	O
Verläugnung	O
seiner	O
selbst	O
und	O
eigener	O
Ehre	O
vermögen	O
sollen	O
.	O
	
Je	O
derohalben	O
verzaget	O
nicht	O
laufft	O
mit	O
den	O
armen	O
Zölnern	O
und	O
Sündern	O
im	O
heutigen	O
Evangelio	O
mit	O
hertzlicher	O
Begierde	O
darzu	O
dasselbe	O
zuhören	O
.	O
	
Hat	O
sich	O
sonst	O
keiner	O
funden	O
der	O
wieder	O
umbkehre	O
und	O
gebe	O
Gott	O
die	O
Ehre	O
denn	O
dieser	O
Frembdlinger	O
?	O
	
Organon	O
hoc	O
semper	O
divinos	O
(	O
psallat	O
clangat	O
)	O
honores	O
,	O
Dum	O
canet	O
Angelicum	O
Lingua	O
beata	O
Melos	O
.	O
	
O	O
was	O
vor	O
grosse	O
,	O
was	O
vor	O
unerkannte	O
Sünden	O
sind	O
nicht	O
häuffig	O
,	O
sonderlich	O
in	O
diesem	O
Gottes	O
Hauß	O
begangen	O
worden	O
,	O
mit	O
Verachtung	O
des	O
göttlichen	O
Worts	O
.	O
	
Has	O
cum	O
Hebraeorum	O
appellationibus	O
convenire	O
,	O
magni	O
nominis	O
interpretes	O
contendunt	O
,	O
sic	O
ut	O
hebr	O
.	O
	
Welches	O
ich	O
auch	O
,	O
wie	O
allen	O
armen	O
abgebranten	O
Schneebergern	O
insgemein	O
,	O
also	O
auch	O
fürnehmlich	O
denenjenigen	O
,	O
welche	O
in	O
hiesigen	O
Städtgen	O
und	O
andern	O
eingepfarrten	O
Orten	O
bißher	O
sich	O
auffgehalten	O
und	O
noch	O
wohnen	O
,	O
von	O
Grund	O
der	O
Seelen	O
anerwünsche	O
.	O
	
Lobet	O
den	O
Herrn	O
inn	O
seinem	O
Heyligtumb	O
lautet	O
vnser	O
Lobpsälmlein	O
.	O
	
Darob	O
ihre	O
Majestät	O
dermassen	O
bewogen	O
worden	O
das	O
ihr	O
die	O
heissen	O
Zehren	O
in	O
den	O
Becher	O
so	O
sie	O
in	O
Händen	O
hatte	O
herab	O
geflossen	O
und	O
alsobald	O
die	O
gefaste	O
Vngenade	O
schwinden	O
lassen	O
auch	O
ihnen	O
ihre	O
Schuld	O
vergeben	O
.	O
	
XIII	O
Felices	O
ter	O
und	O
amplius	O
Quos	O
irrupta	O
tenet	O
copula	O
!	O
	
summe	O
Ref	O
.	O
	
IV	O
Sect	O
.	O
	
Michael	B-PER
Praetorius	I-PER
Mich	B-PER
Praet	I-PER
Syntag	O
:	O
	
82	O
de	O
Temp	O
.	O
	
worzu	O
auch	O
die	O
Vocal	O
und	O
Instrumental	O
Music	O
gehöret	O
.	O
	
Opffere	O
Gott	O
Danck	O
und	O
bezahle	O
dem	O
Höchsten	O
deine	O
Gelübde	O
Psal	O
50	O
v	O
14	O
Und	O
Gott	O
der	O
Herr	O
befiehlet	O
selbst	O
ernstlich	O
:	O
	
21	O
,	O
9	O
rer	O
Sprache	O
:	O
	
103	O
Leben	O
der	O
Menschen	O
bestehet	O
wie	O
der	O
Rauch	O
vergehet	O
.	O
	
Und	O
gedencket	O
auch	O
der	O
Kayser	O
Julianus	B-PER
,	O
Parabates	O
,	O
oder	O
Apostata	O
zugenahmt	O
,	O
dieser	B-PER
gantzen	O
Machine	O
in	O
einen	O
griechischen	O
Carmine	O
,	O
welches	O
aus	O
dem	O
Antholog	O
.	O
	
29	O
2	O
Bey	O
den	O
Materialien	O
unser	O
Orgel	O
die	O
in	O
die	O
äußerliche	O
Sinnen	O
fielen	O
erinnerten	O
wir	O
uns	O
unsers	O
Leibes	O
und	O
desselben	O
Gliedmaßen	O
:	O
	
du	O
Wächter	O
einer	O
armen	O
Heerde	O
,	O
Himmel	O
und	O
Erde	O
!	O
	
Zürnet	O
und	O
sündiget	O
nicht	O
;	O
Lasset	O
die	O
Sonne	O
nicht	O
über	O
euren	O
Zorn	O
untergehen	O
.	O
	
Niemand	O
hat	O
Gott	O
ie	O
gesehen	O
der	O
eingebohrne	O
Sohn	B-PER
der	O
in	O
des	O
Vaters	O
Schooß	O
ist	O
der	O
hat	O
es	O
uns	O
verkündiget	O
Joh	O
1	O
v	O
18	O
Vnd	O
nach	O
dem	O
vorzeiten	O
Gott	O
manchmahl	O
und	O
mancherley	O
Weise	O
geredt	O
hat	O
zu	O
den	O
Vätern	O
durch	O
der	O
Propheten	O
hat	O
er	O
am	O
letzten	O
in	O
diesen	O
Tagn	O
zu	O
uns	O
geredt	O
durch	O
den	O
Sohn	B-PER
steht	O
geschrieben	O
in	O
der	O
Epistel	O
an	O
die	O
Hebr	O
am1	O
v	O
1	O
2	O
Zu	O
dem	O
Ende	O
wird	O
er	O
von	O
Johanne	B-PER
dem	I-PER
Evangelisten	I-PER
ὁλόγος	O
,	O
verbum	O
das	O
Wort	O
genennet	O
Joh	O
1	O
v	O
1	O
14	O
weil	O
er	O
ist	O
non	O
tàm	O
verbum	O
ipsum	O
,	O
qvàm	O
verborum	O
Dei	O
elocutor	O
.	O
	
Denn	O
mancher	O
blähet	O
sich	O
als	O
hätte	O
er	O
bey	O
eingenommener	O
Purganz	O
,	O
den	O
Bartholum	B-PER
und	O
Platonem	B-PER
,	O
und	O
die	O
Quint	O
Essenz	O
aller	O
Gelehrten	O
in	O
allen	O
Facultäten	O
im	O
Leib	O
und	O
heist	O
bey	O
ihnen	O
:	O
	
lobet	O
den	O
Herrn	O
.	O
	
Gedruckt	O
zu	O
Dreßden	B-LOC
Bey	O
Christian	B-PER
und	O
Melchior	O
Bergen	O
Gebrüdern	O
Chur	O
Fürstlicher	O
Durchlauchtigkeit	O
zu	O
Sachssen	O
etc	O
Hofe	O
Buchdruckern	O
Jm	O
Jahr	O
:	O
	
)	O
Andere	O
sind	O
der	O
Meynung	O
es	O
sey	O
die	O
Erfindung	O
der	O
Orgeln	O
gar	O
dem	O
Jubal	B-PER
zuzulegen	O
.	O
	
Ob	O
aber	O
,	O
und	O
wie	O
ferne	O
in	O
unsern	O
Gottesdiensten	O
das	O
äusserliche	O
wollautende	O
,	O
schöne	O
und	O
liebliche	O
,	O
darzu	O
einigen	O
Beytrag	O
thun	O
oder	O
Christen	O
würcklich	O
behülflich	O
seyn	O
könne	O
?	O
	
Vnd	O
Hiskia	B-PER
frewet	O
sich	O
mit	O
allem	O
Volck	O
das	O
man	O
mit	O
Gott	O
bereit	O
worden	O
war	O
.	O
	
Jst	O
freylich	O
wohl	O
selbg	O
Gottes	O
Hauß	O
Vor	O
vielen	O
herrlich	O
inn	O
und	O
aus	O
Und	O
gebe	O
Gott	O
daß	O
da	O
allzeit	O
Sein	O
Lob	O
erschall	O
mit	O
Bständigkeit	O
.	O
	
Der	O
hat	O
uns	O
berufen	O
,	O
erleuchtet	O
und	O
geheiliget	O
,	O
auf	O
daß	O
Er	O
uns	O
erlösete	O
von	O
aller	O
Ungerechtigkeit	O
,	O
und	O
reinigte	O
Jhm	O
selbst	O
ein	O
Volck	O
zum	O
Eigentuhm	O
,	O
das	O
fleißig	O
wäre	O
zu	O
guten	O
Wercken	O
.	O
	
Wenn	O
Brüder	O
eins	O
sind	O
die	O
Nachbarn	O
sich	O
lieb	O
haben	O
und	O
Mann	O
und	O
Weib	O
sich	O
wohl	O
begehen	O
.	O
	
C	O
1	O
CXXXII	O
16	O
)	O
als	O
Gefangene	O
denen	O
ihre	O
Freyheit	O
angesagt	O
wird	O
und	O
daß	O
sie	O
aus	O
dem	O
Gefängniß	O
heraus	O
gehen	O
und	O
die	O
in	O
Finsterniß	O
gesessen	O
daß	O
sie	O
ans	O
Tage	O
Licht	O
herfür	O
kommen	O
und	O
sich	O
weyden	O
sollen	O
.	O
	
Davon	O
der	O
geistreiche	O
Scriver	B-PER
schreibet	O
:	O
	
8	O
V	O
,	O
9	O
13	O
VII	O
,	O
12	O
etc	O
5	O
Hier	O
auff	O
dieser	O
Welt	O
wird	O
mit	O
der	O
Music	O
und	O
den	O
Orgeln	O
offt	O
grosser	O
Mißbrauch	O
getrieben	O
.	O
	
Gott	O
,	O
der	O
Herr	O
hatte	O
auch	O
bisher	O
sein	O
Feuer	O
und	O
Heerd	O
unter	O
ihnen	O
gehabt	O
;	O
allein	O
seine	O
Herrlichkeit	O
hatte	O
sich	O
in	O
einer	O
beweglichen	O
Wohnung	O
,	O
in	O
der	O
Stiftshütte	O
,	O
aufgehalten	O
.	O
	
p	O
407414	O
conf	O
.	O
	
Das	O
Hinter	O
Werck	O
9	O
Stimmen	O
.	O
	
Es	O
pflegen	O
die	O
Christen	O
an	O
einen	O
gewissen	O
Tag	O
in	O
aller	O
Frühe	O
zusammen	O
zukommen	O
und	O
Christo	O
als	O
ihrem	O
Gott	O
zu	O
Ehren	O
ein	O
Lied	O
miteinander	O
zu	O
singen	O
.	O
	
Daher	O
wir	O
ihn	O
allezeit	O
vor	O
Augen	O
haben	O
und	O
unser	O
Singe	O
und	O
Klinge	O
Ziel	O
auf	O
ihn	O
richten	O
sollen	O
.	O
	
Als	O
die	O
Traurigen	O
aber	O
allezeit	O
frölich	O
2	O
Cor	O
6	O
10	O
und	O
sichs	O
gefallen	O
lassen	O
seinen	O
heiligen	O
Nahmen	O
zu	O
preisen	O
und	O
ihm	O
zu	O
dancken	O
nicht	O
nur	O
dafür	O
daß	O
er	O
die	O
heiligen	O
Engel	O
uns	O
zum	O
Dienst	O
geschaffen	O
und	O
ausgesandt	O
um	O
derentwillen	O
die	O
ererben	O
sollen	O
die	O
Seligkeit	O
Ebr	O
.	O
	
Psalm	O
33	O
,	O
1	O
68	O
,	O
4	O
5	O
Eph	O
5	O
,	O
19	O
Endlich	O
5	O
Eine	O
ungeheuchelte	O
Uebereinstimmung	O
des	O
Mundes	O
.	O
	
Dann	O
nachdem	O
deß	O
Noah	B-PER
Nachkommen	O
nach	O
der	O
Sündflut	O
in	O
alle	O
Welt	O
zerstrewet	O
ist	O
zwar	O
der	O
wahre	O
Gottes	O
Dienst	O
allein	O
beym	O
Seth	B-PER
vnnd	O
seinen	O
Nachkommen	O
darunder	O
Abraham	B-PER
mit	O
seiner	O
posteritet	O
gehörig	O
blieben	O
.	O
	
Denn	O
auch	O
grosse	O
Medici	O
,	O
denen	O
der	O
Hippocrates	B-PER
und	O
Galenus	B-PER
Paracelsus	B-PER
und	O
der	O
Apollo	B-PER
selbsten	O
an	O
allen	O
Orten	O
zu	O
Sack	O
und	O
Taschen	O
hervor	O
guckt	O
haben	O
unzehlig	O
vielmal	O
den	O
Fleck	O
neben	O
das	O
Loch	O
gesetzt	O
und	O
mortem	O
pro	O
vita	O
procurirt	O
die	O
doch	O
sich	O
eingebildet	O
sie	O
könnten	O
den	O
Tod	O
ins	O
Narren	O
Häussel	O
sperren	O
wenn	O
sie	O
nur	O
wollten	O
ja	O
sie	O
hätten	O
ihn	O
wie	O
ein	O
Gespenst	O
gefangen	O
und	O
vor	O
aller	O
Welt	O
öffentlich	O
Schau	O
getragen	O
.	O
	
Lobet	O
Jhn	O
in	O
der	O
Feste	O
seiner	O
Macht	O
das	O
ist	O
lobet	O
Jhn	O
wegen	O
der	O
Schöpfung	O
daß	O
Er	O
Himmel	O
und	O
Erden	O
hat	O
erschaffen	O
.	O
	
Gleich	O
wie	O
aber	O
diese	O
erzehlete	O
Register	O
und	O
Stücke	O
nicht	O
vergeblich	O
im	O
Orgelwercke	O
stehen	O
sondern	O
zur	O
Liebligkeit	O
dienen	O
:	O
	
Welche	O
Gefühle	O
der	O
Ehrerbietung	O
gegen	O
die	O
Gottheit	O
durchströmen	O
unser	O
Herz	O
bey	O
einem	O
erhabenen	O
Lobgesange	O
;	O
welche	O
Wehmuth	O
bey	O
den	O
treuen	O
Tönen	O
eines	O
rührenden	O
Bußliedes	O
!	O
	
Lasse	O
alles	O
,	O
was	O
man	O
zu	O
deiner	O
Kirche	O
opfert	O
und	O
stiftet	O
,	O
und	O
auch	O
in	O
Zukunft	O
unter	O
deiner	O
Gnaden	O
und	O
Liebesvollen	O
Lenkung	O
geben	O
und	O
stiften	O
wird	O
,	O
in	O
einer	O
lauterlichen	O
Absicht	O
,	O
ohne	O
Heuchelschein	O
und	O
eigene	O
Liebe	O
oder	O
Ehrfurcht	O
geschehen	O
:	O
	
Lobet	O
Gott	O
mit	O
Psalter	O
das	O
ist	O
mit	O
ewer	O
Zungen	O
welche	O
ist	O
ein	O
Psalter	O
und	O
Jnstrument	O
des	O
Herrn	O
damit	O
man	O
singen	O
und	O
klingen	O
sol	O
von	O
dem	O
Lob	O
und	O
Preiß	O
Gottes	O
.	O
	
Jngleichen	O
ob	O
Alabaster	O
,	O
und	O
Eben	O
Baum	O
Holtz	O
zu	O
einen	O
hellen	O
Klang	O
etwas	O
beytragen	O
können	O
,	O
nachdem	O
ein	O
Kunstreicher	O
Meister	O
von	O
Neapolis	B-LOC
aus	O
Alabaster	O
eine	O
Orgel	O
mit	O
Pfeiffen	O
,	O
Laden	O
,	O
Clavier	O
,	O
Bälgen	O
etc	O
gemacht	O
,	O
und	O
solch	O
wunderschönes	O
Werck	O
Hertzog	B-PER
Friedrich	I-PER
von	O
Mantua	B-LOC
verehret	O
hat	O
:	O
	
Jn	O
diesen	O
Worten	O
,	O
Geliebten	O
Freunde	O
,	O
zeiget	O
Paulus	B-PER
seine	O
Art	O
zu	O
singen	O
;	O
und	O
will	O
uns	O
damit	O
die	O
rechte	O
Music	O
lehren	O
,	O
wie	O
zu	O
lesen	O
1	O
Cor	O
14	O
,	O
15	O
Wie	O
der	O
Apostel	B-PER
sichs	O
in	O
diesem	O
Capitel	O
sorgfältigst	O
angelegen	O
seyn	O
lässet	O
,	O
die	O
Gläubigen	O
zu	O
Corinthus	B-LOC
zur	O
rechtschaffenen	O
und	O
heilsamen	O
Anwendung	O
aller	O
von	O
Gott	O
verliehenen	O
Gaben	O
anzuführen	O
;	O
also	O
weiset	O
er	O
sie	O
unter	O
andern	O
auch	O
zum	O
rechten	O
singen	O
an	O
,	O
und	O
stellet	O
sich	O
selbst	O
zum	O
Exempel	O
dar	O
,	O
wie	O
er	O
singet	O
,	O
und	O
ferner	O
singen	O
wolle	O
,	O
und	O
wie	O
also	O
auch	O
andere	O
nach	O
seynem	O
Beyspiel	O
heilsamlich	O
und	O
Gott	O
wohlgefällig	O
singen	O
sollen	O
und	O
können	O
.	O
	
Auff	O
einer	O
Orgel	O
kan	O
zwar	O
allerley	O
gespielet	O
und	O
nach	O
dem	O
die	O
Hand	O
des	O
Künstlers	O
geübet	O
ist	O
variationes	O
,	O
fugen	O
etc	O
gemacht	O
werden	O
;	O
Vor	O
allen	O
Dingen	O
aber	O
sollen	O
die	O
Geistreichen	O
Lieder	O
die	O
sich	O
auff	O
derselben	O
zuhören	O
in	O
das	O
Hauß	O
Gottes	O
schicken	O
und	O
reimen	O
gespielt	O
werden	O
.	O
	
Harmoniae	O
Tom	O
III	O
p	O
1724	O
Plinius	B-PER
Lib	O
.	O
	
v	O
14	O
Dich	O
lobet	O
alles	O
Himmels	O
Heer	O
und	O
dich	O
sol	O
man	O
preysen	O
immer	O
und	O
ewiglich	O
.	O
	
uti	O
Josephus	B-PER
Antiquitatum	O
libr	O
.	O
	
Die	O
haben	O
den	O
Teufel	O
zum	O
Vatter	O
und	O
Uhrheber	O
.	O
	
Eine	O
Göttliche	O
Natur	O
thut	O
guts	O
auch	O
ohngebeten	O
.	O
	
Denn	O
der	O
leidige	O
Teuffel	O
ist	O
der	O
Music	O
feind	O
und	O
erharret	O
ihr	O
nicht	O
spricht	O
Lutherus	B-PER
sel	O
die	O
Exempel	O
machens	O
klar	O
.	O
	
Dahero	O
gar	O
wohl	O
der	O
weise	O
Socrates	B-PER
geredt	O
hat	O
als	O
er	O
einen	O
Reichen	O
aber	O
vngelehrten	O
Monsieur	O
mit	O
Goldgestickten	O
Kleydern	O
sahe	O
daher	O
prangen	O
hic	O
Equus	O
est	O
pulchrè	O
ornatus	O
:	O
	
Da	O
alsdenn	O
gleichwohl	O
in	O
Predigen	O
behutsam	O
zu	O
gehen	O
ist	O
,	O
damit	O
nicht	O
zu	O
viel	O
exegesiret	O
,	O
oder	O
griechische	O
und	O
lateinische	O
Flecke	O
hingesaget	O
werden	O
,	O
weil	O
sonst	O
nur	O
die	O
edle	O
Zeit	O
verderbet	O
und	O
in	O
Wind	O
geredet	O
wird	O
.	O
	
18	O
Groschen	O
vom	O
klein	O
Erben	O
welches	O
etliche	O
100	O
Thaler	O
getragen	O
.	O
	
Qvantum	O
flevi	O
(	O
schreibet	O
er	O
l9	O
Confess	O
.	O
	
Und	O
folget	O
demnach	O
gar	O
nicht	O
die	O
Pfeiffen	O
geben	O
keinen	O
verständlichen	O
Thon	O
oder	O
unterschiedene	O
deutlich	O
lautende	O
Wort	O
von	O
sich	O
darumb	O
haben	O
sie	O
keinen	O
Nutz	O
beym	O
Göttlichen	O
Lob	O
und	O
Preiß	O
denn	O
David	B-PER
weiset	O
uns	O
hier	O
ein	O
anders	O
wenn	O
er	O
spricht	O
:	O
	
Alte	O
Weiber	O
junge	O
Madel	O
Bauren	O
Leuth	O
vnd	O
gut	O
von	O
Adel	O
Käyser	O
König	O
vnd	O
Welt	O
Regenten	O
Doctor	O
Schueler	O
vnd	O
Studenten	O
Fürsten	O
Herrn	O
Potentaten	O
Münich	O
Bettler	O
vnd	O
Soldaten	O
Scepter	O
Cron	O
vnd	O
Hawr	O
Hacken	O
Thut	O
er	O
als	O
zusammen	O
backen	O
.	O
	
Durch	O
die	O
Pfeiffen	O
Flöthen	O
Schalmeyen	O
und	O
dergleichen	O
.	O
	
Jhr	O
seyd	O
die	O
Gesegneten	O
des	O
Herrn	O
der	O
Himmel	O
und	O
Erden	O
gemacht	O
hat	O
.	O
	
Happel	B-PER
Cosmogr	O
.	O
	
I	O
6	O
7	O
Warumb	O
soltet	O
ihr	O
mit	O
euerm	O
Vertrauen	O
von	O
Gott	O
abweichen	O
?	O
	
Auch	O
Flöten	O
Raqueten	O
blaßt	O
immer	O
mit	O
fort	O
.	O
	
Wan	O
es	O
dem	O
gantzen	O
Jsraël	O
wohlginge	O
,	O
so	O
erzehlten	O
die	O
Priestere	O
solche	O
Wohlthaten	O
,	O
und	O
sungen	O
im	O
Tempel	O
:	O
	
in	O
Psalm	O
.	O
	
L	B-PER
Walter	I-PER
P	O
I	O
des	O
Historischen	O
Spatziergangs	O
Hist	O
116	O
p	O
264	O
Nachdem	O
aber	O
die	O
Wasser	O
Orgeln	O
sehr	O
kostbar	O
fielen	O
und	O
gar	O
schwer	O
zu	O
erhalten	O
waren	O
,	O
so	O
hat	O
man	O
die	O
Wind	O
Orgeln	O
mehr	O
geliebet	O
,	O
wiewohl	O
auch	O
jene	O
ihre	O
Blaß	O
Bälge	O
haben	O
sollen	O
.	O
	
Heilig	O
Heilig	O
Heilig	O
ist	O
der	O
Herr	O
Zebaoth	O
alle	O
Land	O
seind	O
seiner	O
Ehren	O
voll	O
.	O
	
Wann	O
wir	O
derowegen	O
unsere	O
Orgel	O
und	O
darbey	O
lieblich	O
Musiciren	O
hören	O
sollen	O
wir	O
uns	O
allezeit	O
solcher	O
erwiesenen	O
Gnade	O
und	O
Wolthat	O
des	O
lieben	O
Gottes	O
tröstlich	O
und	O
danckbarlich	O
erinnern	O
.	O
	
Prosit	O
das	O
Bad	O
!	O
	
Qvia	O
ars	O
imitatur	O
naturam	O
,	O
dem	O
sind	O
nachgefolget	O
die	O
andern	O
Heiligen	O
und	O
sonderlichen	O
König	O
David	O
denn	O
von	O
jhm	O
lesen	O
wir	O
2	O
Sam	O
6	O
Als	O
er	O
die	O
Lade	O
Gottes	O
aus	O
dem	O
Hauß	O
Abinadab	B-PER
mit	O
einer	O
herrlichen	O
Music	O
hat	O
lassen	O
herauff	O
hohlen	O
denn	O
da	O
stehet	O
außdrücklich	O
David	B-PER
spielete	O
und	O
das	O
gantze	O
Hauß	O
Jsrael	O
vor	O
dem	O
Herrn	O
her	O
mit	O
allerley	O
Seitenspiel	O
von	O
Tännenholtz	O
mit	O
Harpffen	O
und	O
Psaltern	O
und	O
Paucken	O
und	O
Schelln	O
und	O
Cymbelln	O
.	O
	
Aber	O
daß	O
man	O
heut	O
zu	O
Tag	O
da	O
wir	O
von	O
dem	O
Heydnischen	O
Mißbrauch	O
ganz	O
entfernet	O
sind	O
ja	O
nichts	O
davon	O
wissen	O
eben	O
das	O
unterlassen	O
müsste	O
was	O
in	O
der	O
ersten	O
Kyrche	O
unterlassen	O
worden	O
folget	O
durchaus	O
nicht	O
.	O
	
Großer	O
Gott	O
!	O
	
loquimi	O
odas	O
,	O
non	O
male	O
convenit	O
.	O
	
Jener	O
kunstreiche	O
Meister	O
zu	O
Neapolis	B-LOC
gieng	O
lange	O
zu	O
Raht	O
,	O
wem	O
er	O
sein	O
schön	O
verfertigtes	O
Orgel	O
Werck	O
schencken	O
wolte	O
,	O
biß	O
er	O
es	O
endlich	O
dem	O
Hertzog	B-PER
von	I-PER
Mantua	I-PER
überschickte	O
.	O
	
Den	O
Taufstein	O
setzte	O
der	O
Cämmerer	O
Witte	B-PER
1680	O
,	O
und	O
die	O
Kanzel	O
der	O
Cämmerer	O
Krüger	B-PER
1692	O
Auch	O
die	O
Beichtstühle	O
wurden	O
von	O
einem	O
gewissen	O
Nebelung	O
geschenkt	O
.	O
	
Mit	O
5	O
unterschiedenen	O
guten	O
Windladen	O
nebest	O
6	O
guten	O
Bälgen	O
einen	O
5	O
Ellen	O
lang	O
und	O
2	O
Ellen	O
breit	O
wie	O
auch	O
dreyen	O
Claviren	O
von	O
Buxbäumen	O
Holtze	O
darinnen	O
unten	O
CD	O
Dis	O
EF	O
Fis	O
G	O
Gis	O
bis	O
in	O
C3	O
durchaus	O
in	O
Meßinge	O
Schrauben	O
gehenckt	O
das	O
Pedal	O
gleicher	O
Gestalt	O
von	O
CD	O
Dis	O
EF	O
Fis	O
G	O
Gis	O
bis	O
in	O
Cisd	O
.	O
	
20	O
de	O
hymnis	O
Arianorum	O
,	O
und	O
qvos	O
illis	O
Catholici	O
opposuerunt	O
,	O
apud	O
Fabricium	B-PER
loco	O
citato	O
p	O
370	O
Neque	O
a	O
tramite	O
veri	O
me	O
aberrare	O
arbitror	O
,	O
si	O
dixero	O
,	O
hanc	O
fuisse	O
potissimam	O
rationem	O
,	O
cur	O
in	O
Concilio	O
Loadiceno	O
interdictum	O
sit	O
Anno	O
Christi	O
361	O
ne	O
cujuscunque	O
hymni	O
in	O
Ecclesia	O
canantur	O
.	O
	
So	O
viel	O
vom	O
Ersten	O
.	O
	
Es	O
ist	O
der	O
berüchtigte	O
grundböse	O
Mann	O
,	O
Gottfried	B-PER
Arnold	I-PER
,	O
ehemahliger	O
Professor	O
in	O
Giessen	B-LOC
,	O
in	O
seiner	O
so	O
genannten	O
unpartheyischen	O
Kirchen	O
und	O
Ketzer	O
Historie	O
.	O
	
Und	O
eben	O
diese	O
seine	O
Göttliche	O
Finger	O
derer	O
an	O
jedweder	O
Hand	O
nicht	O
mehr	O
als	O
fünff	O
wie	O
bey	O
uns	O
lässet	O
der	O
Herr	O
Jesus	O
noch	O
biß	O
auff	O
diese	O
Stunde	O
nicht	O
müssig	O
seyn	O
sondern	O
gebraucht	O
dieselbe	O
uns	O
zum	O
besten	O
fort	O
und	O
fort	O
;	O
Der	O
Kleinste	O
heist	O
der	O
Ohren	O
Finger	O
mit	O
demselben	O
eröffnet	O
Er	O
seine	O
Ohren	O
daß	O
sie	O
das	O
verlangen	O
der	O
Elenden	O
hören	O
können	O
Psalm	O
10	O
v	O
17	O
Der	O
andere	O
ist	O
der	O
Artzt	O
Finger	O
mit	O
demselben	O
heilet	O
er	O
die	O
zerbrochenes	O
Hertzen	O
sind	O
und	O
verbindet	O
jhre	O
Schmertzen	O
Psalm	O
147	O
v	O
3	O
Und	O
weil	O
dieser	O
Finger	O
eine	O
Ader	O
in	O
sich	O
hat	O
so	O
biß	O
an	O
das	O
Hertz	O
des	O
Menschen	O
rühret	O
:	O
	
Der	O
Text	O
stellet	O
ihn	O
mit	O
Recht	O
dar	O
,	O
als	O
durch	O
geistliche	O
Feinde	O
bedrücket	O
,	O
dessen	O
Verstand	O
mit	O
allerley	O
schädlichen	O
Vorurtheilen	O
gegen	O
die	O
Wahrheit	O
,	O
dessen	O
Herz	O
zugleich	O
mit	O
Bangigkeit	O
gegen	O
Gott	O
angefüllet	O
ist	O
,	O
und	O
welcher	O
fürchterliche	O
Aussichten	O
in	O
den	O
Zustand	O
nach	O
diesem	O
Leben	O
hat	O
.	O
	
Hilf	O
Jhm	O
!	O
	
an	O
solchen	O
harten	O
Köpfen	O
sey	O
noch	O
immerzu	O
kein	O
Mangel	O
!	O
	
Cap	O
117	O
Alle	O
gute	O
und	O
volkommene	O
Gabe	O
kompt	O
von	O
oben	O
herab	O
von	O
dem	O
Vater	O
des	O
Lichts	O
etc	O
Der	O
ist	O
so	O
gütig	O
daß	O
wie	O
er	O
seine	O
Sonne	O
läst	O
auffgehen	O
über	O
Böse	O
und	O
Fromme	O
:	O
	
4	O
Alle	O
Wercke	O
in	O
der	O
Kunst	O
und	O
Natur	O
seyn	O
nichts	O
anders	O
als	O
lebendige	O
Sinnbilder	O
man	O
möchte	O
sie	O
mit	O
Augustini	B-PER
Worten	O
nennen	O
verba	O
visibilia	O
,	O
sichtbahre	O
Reden	O
oder	O
Characteres	O
reales	O
,	O
mit	O
jenem	O
Engelländischen	O
Groß	O
Cantzler	O
Verulamio	B-PER
,	O
die	O
uns	O
in	O
der	O
That	O
und	O
würcklich	O
viel	O
gute	O
Lehren	O
Unterricht	O
Trost	O
Ermahungen	O
und	O
Warnungen	O
vorstellen	O
:	O
	
Daß	O
er	O
hiemit	O
bezeugete	O
wie	O
ihm	O
das	O
menschliche	O
Elend	O
zu	O
Hertzen	O
gehe	O
wie	O
dieser	O
elende	O
Mensch	O
einen	O
Spiegel	O
desselben	O
von	O
sich	O
gab	O
.	O
	
Gar	O
gewiß	O
hätt	O
sie	O
sonsten	O
der	O
Teuffel	O
lebendig	O
hingeführt	O
oder	O
Donner	O
in	O
Aschen	O
gelegt	O
oder	O
die	O
Erd	O
lebendig	O
verschlückt	O
oder	O
den	O
wilden	O
Thieren	O
zum	O
Raub	O
worden	O
weil	O
sie	O
sich	O
aber	O
der	O
Todten	O
haben	O
angenommen	O
so	O
konte	O
sie	O
kein	O
zeitliches	O
Unglück	O
berühren	O
.	O
	
Unsere	O
Hand	O
v	O
g	O
ist	O
ein	O
solches	O
Werckzeug	O
des	O
Zimmermans	O
seine	O
Axt	O
deß	O
Bauren	O
sein	O
Pflug	O
u	O
s	O
f	O
sind	O
lauter	O
Werckzeuge	O
darmit	O
iedweder	O
das	O
seine	O
was	O
seiner	O
Profession	O
ist	O
ausarbeitet	O
und	O
verfertiget	O
.	O
	
Den	O
Moses	B-PER
und	O
sein	O
Stab	O
wircketen	O
nichts	O
auß	O
eigener	O
Krafft	O
was	O
sie	O
theten	O
das	O
war	O
Gottes	O
Werck	O
der	O
Herr	O
Jesus	O
aber	O
als	O
Gott	O
und	O
Mensch	O
der	O
wircket	O
zugleich	O
und	O
was	O
die	O
Gottheit	O
thut	O
das	O
thut	O
sie	O
in	O
und	O
mit	O
der	O
angenommenen	O
Menschheit	O
also	O
daß	O
seine	O
Finger	O
die	O
er	O
heut	O
dem	O
Tauben	O
und	O
Stummen	O
in	O
die	O
Ohren	O
geleget	O
allmächtige	O
wunderthätige	O
ja	O
Göttliche	O
Finger	O
zunennen	O
seynd	O
.	O
	
Ps	O
XXII	O
v	O
4	O
Sonst	O
verwirfft	O
Gott	O
allen	O
Schall	O
der	O
Kirchen	O
Musiqve	O
:	O
	
WJe	O
WIe	O
David	B-PER
durch	O
sondere	O
Schickung	O
GOttes	O
zu	O
der	O
Cron	O
gelanget	O
da	O
hat	O
er	O
gleich	O
ein	O
Knopff	O
an	O
ein	O
Tüchel	O
gemacht	O
da	O
war	O
sein	O
ernstlicher	O
Befelch	O
:	O
	
Denn	O
ein	O
Lob	O
Lied	O
muß	O
nothwendig	O
diese	O
drey	O
Stück	O
nemlich	O
ein	O
Lob	O
sodann	O
ein	O
Lob	O
Gottes	O
und	O
endlich	O
ein	O
Gesang	O
oder	O
Lied	O
des	O
Göttlichen	O
Lobs	O
in	O
sich	O
begreiffen	O
.	O
	
Bibel	O
die	O
siebende	O
Zahl	O
ein	O
Ruhe	O
vnd	O
Ruhestand	O
angedeut	O
so	O
gar	O
daß	O
auch	O
GOtt	O
den	O
siebenden	O
Tag	O
ruhen	O
vnd	O
rasten	O
wolte	O
dardurch	O
zu	O
zeigen	O
daß	O
auch	O
das	O
siebende	O
Sacrament	O
die	O
Ehe	O
nichts	O
anders	O
seye	O
als	O
ein	O
Ruhe	O
zweyer	O
Gemüther	O
vnd	O
ein	O
Ruhe	O
Stand	O
zweyer	O
Hertzen	O
.	O
	
Wir	O
leyden	O
Pein	O
in	O
dieser	O
Flammen	O
.	O
	
1	O
17	O
gesaget	O
wird	O
das	O
Gesetz	O
ist	O
durch	O
Mosen	O
gegeben	O
die	O
Gnad	O
und	O
Warheit	O
aber	O
durch	O
Christum	B-PER
worden	O
.	O
	
III	O
,	O
II	O
Was	O
für	O
Ansehen	O
kan	O
Dir	O
das	O
geben	O
was	O
ausser	O
Dir	O
ist	O
?	O
	
Da	O
sie	O
nun	O
die	O
Worte	O
des	O
Gesetzes	O
höreten	O
weinete	O
alles	O
Volck	O
also	O
das	O
Nehemia	B-PER
und	O
Esra	B-PER
der	O
Priester	O
der	O
Schrifftgelehrte	O
und	O
die	O
Leviten	O
alles	O
Volck	O
stillen	O
musten	O
und	O
sagen	O
:	O
	
Jch	O
höret	O
eine	O
Stimm	O
grosser	O
scharen	O
im	O
Himmel	O
die	O
sprachen	O
Haleluja	O
Heil	O
vnd	O
Preiß	O
Ehr	O
vnd	O
Krafft	O
sey	O
Gott	O
unserm	O
Herrn	O
vnd	O
sprachen	O
zum	O
andernmal	O
Haleluja	O
vnnd	O
die	O
vier	O
vnnd	O
zweintzig	O
Eltesten	O
vnd	O
die	O
vier	O
Thier	O
fielen	O
nider	O
vnd	O
beteten	O
Gott	O
an	O
der	O
auff	O
dem	O
Stul	O
saß	O
vnd	O
sprachen	O
Amen	O
Haleluja	O
vnnd	O
eine	O
Stimm	O
gieng	O
von	O
dem	O
Stul	O
:	O
	
Wann	O
nun	O
dieses	O
Wercklein	O
Gott	O
zu	O
Ehren	O
und	O
dem	O
sel	O
Herrn	O
Stiffter	O
zum	O
rühmlichen	O
Andencken	O
biß	O
anhero	O
geschlagen	O
worden	O
von	O
vielen	O
Eingepfarrten	O
aber	O
und	O
vornehmlichen	O
von	O
denen	O
hochgeEhrten	O
Herrn	O
Inspectoribus	O
,	O
ein	O
etwas	O
Stärckers	O
an	O
die	O
Hand	O
zu	O
schaffen	O
vor	O
gut	O
befunden	O
worden	O
;	O
weil	O
allhier	O
eine	O
volckreiche	O
Gemeine	O
und	O
über	O
dieses	O
auch	O
die	O
Kirche	O
an	O
öffentlicher	O
Landstrasse	O
lieget	O
:	O
	
T	O
2	O
Abraham	B-PER
Abraham	B-PER
der	O
Gottsförchtige	O
Patriarch	O
macht	O
nun	O
viel	O
zu	O
Schanden	O
.	O
	
Ja	O
ja	O
Wer	O
frölich	O
singt	O
Alleluja	O
:	O
	
Die	O
Stimme	O
unser	O
neuen	O
Orgel	O
?	O
	
Bey	O
dem	O
die	O
alten	O
Kappen	O
und	O
Schlappen	O
Thaler	O
die	O
wilden	O
Männer	O
zu	O
Roß	O
und	O
Fuß	O
ja	O
die	O
gantze	O
Thaler	O
Histori	O
von	O
dem	O
ersten	O
Joachims	O
Thaler	O
an	O
biß	O
zu	O
dem	O
letzten	O
die	O
gantze	O
Genealogie	O
der	O
Kayser	O
Könige	O
und	O
Churfürsten	O
alle	O
Gedächtnus	O
Müntzen	O
Contrefayen	O
der	O
Heiligen	O
Vätter	O
zu	O
Rom	B-LOC
so	O
ohne	O
was	O
die	O
Antiquen	O
Ebräisch	O
Griechisch	O
und	O
Lateinische	O
silbern	O
und	O
guldene	O
Müntzen	O
von	O
David	B-PER
und	O
Salomo	B-PER
von	O
Philippo	B-PER
und	O
Alexandro	B-PER
M	I-PER
von	O
Romulo	B-PER
und	O
Remo	B-PER
her	O
sind	O
.	O
	
Halleluja	O
singe	O
,	O
Welcher	O
Christum	O
nennet	O
,	O
Sich	O
von	O
Hertzen	O
Jhm	O
ergiebet	O
!	O
	
Wann	O
auch	O
anderseits	O
die	O
Zuhörer	O
nur	O
allein	O
auf	O
die	O
Lieblichkeit	O
der	O
Stimme	O
,	O
Klang	O
und	O
Thon	O
acht	O
geben	O
,	O
und	O
nur	O
das	O
Ohr	O
kützeln	O
zu	O
lassen	O
und	O
zu	O
belustigen	O
,	O
nicht	O
aber	O
ihre	O
Seele	O
zu	O
erbauen	O
suchen	O
,	O
so	O
wird	O
ihrerseits	O
die	O
Orgel	O
und	O
Music	O
zur	O
Ergetzlichkeit	O
des	O
Fleisches	O
,	O
nicht	O
aber	O
zur	O
Ehre	O
Gottes	O
gebrauchet	O
.	O
	
S	O
P	O
August	B-PER
lib	O
Conf	O
.	O
	
Scindite	O
corda	O
vestra	O
.	O
	
damals	O
(	O
im	O
Alten	O
Testament	O
)	O
waren	O
wol	O
solche	O
Instrumenta	O
,	O
damit	O
sie	O
ihre	O
Gesänge	O
darbrachten	O
;	O
Nun	O
aber	O
kan	O
man	O
an	O
deren	O
stat	O
den	O
Leib	O
selber	O
brauchen	O
.	O
	
Summa	O
dieser	O
Mensch	O
war	O
ein	O
solch	O
verderbt	O
und	O
zerstümmeltes	O
Orgel	O
Werck	O
so	O
fast	O
nichts	O
mehr	O
tüglichen	O
scheinet	O
;	O
massen	O
dann	O
der	O
Evangelist	O
in	O
der	O
Grundsprach	O
diesen	O
elenden	O
Menschen	O
nennet	O
κωφὸν	O
,	O
welches	O
nicht	O
nur	O
bloß	O
einen	O
Tauben	O
und	O
Stummen	O
sondern	O
auch	O
dabey	O
thörichten	O
und	O
seiner	O
Vernunfft	O
gantz	O
beraubten	O
Menschen	O
bedeutet	O
.	O
	
p	O
50	O
M	O
Joh	B-PER
.	I-PER
	
(	O
b	O
)	O
Ja	O
es	O
ist	O
ein	O
gottseelige	O
Meynung	O
(	O
schreibt	O
der	O
gelehrte	O
Gerson	B-PER
)	O
daß	O
gleich	O
wie	O
der	O
Herr	O
JEsus	B-PER
nach	O
seinen	O
Todt	O
in	O
die	O
Vorhöll	O
gestiegen	O
von	O
dannen	O
die	O
betrangte	O
Alt	O
Vätter	O
erlediget	O
also	O
seye	O
gleichförmig	O
die	O
Mutter	O
GOttes	O
nach	O
ihren	O
seeligsten	O
Hinscheyden	O
den	O
geraden	O
Weeg	O
in	O
das	O
Fegfeuer	O
hinunder	O
vnd	O
alle	O
daselbst	O
gefangene	O
Christglaubige	O
mit	O
sich	O
in	O
ihrer	O
glorreichen	O
Himmelfahrt	O
auffgenommen	O
;	O
Der	O
H	O
Petrus	B-PER
Damianus	I-PER
bestättiget	O
es	O
glaubwürdig	O
daß	O
wie	O
zu	O
Rom	B-LOC
am	O
Hoch	O
Fest	O
Maria	B-PER
Himmelfahrt	O
männiglich	O
in	O
Octavius	B-PER
Panzius	I-PER
.	O
	
Die	O
Pfeiffen	O
in	O
der	O
Orgel	O
haben	O
unterschiedene	O
Thone	O
diese	O
einen	O
hohen	O
jene	O
einen	O
tieffen	O
andere	O
einen	O
gelinden	O
und	O
noch	O
andere	O
einen	O
scharffen	O
und	O
gleich	O
wohl	O
geben	O
diese	O
Pfeiffen	O
wann	O
sie	O
wohl	O
gestimmet	O
einen	O
gleichlautenden	O
und	O
lieblichklingenden	O
Thon	O
.	O
	
heist	O
das	O
bekante	O
:	O
	
Hatte	O
ein	O
Held	O
seine	O
Feinde	O
besieget	O
und	O
kam	O
triumphirend	O
wieder	O
aus	O
dem	O
Kriege	O
nach	O
Hause	O
so	O
gieng	O
man	O
seine	O
Freude	O
darüber	O
zu	O
bezeigen	O
ihm	O
mit	O
Paucken	O
entgegen	O
.	O
	
wie	O
seltzam	O
es	O
in	O
der	O
Menschen	O
Ohren	O
klinge	O
wenn	O
man	O
sein	O
Anliegen	O
singend	O
entdecken	O
wolte	O
.	O
	
Das	O
Hertz	O
und	O
nicht	O
der	O
blosse	O
Klang	O
Ist	O
für	O
Gott	O
ein	O
lieblicher	O
Gesang	O
.	O
	
Woher	O
kommt	O
es	O
,	O
daß	O
die	O
ersten	O
Rührungen	O
oftmals	O
gleich	O
vorüber	O
sind	O
,	O
und	O
durch	O
die	O
nächsten	O
Vorstellungen	O
alsobald	O
verdrenget	O
werden	O
?	O
	
Deßwegen	O
hat	O
der	O
Herr	O
Lutherus	B-PER
einsten	O
einen	O
guten	B-PER
Freund	I-PER
der	O
mit	O
der	O
Melancholey	O
behafftet	O
war	O
diesen	O
Rath	O
gegeben	O
er	O
solte	O
sich	O
an	O
seine	O
Musica	O
und	O
Instrumenten	O
halten	O
und	O
wann	O
die	O
traurigen	O
Gedancken	O
kämen	O
so	O
soll	O
er	O
sprechen	O
:	O
	
Computi	O
Aethiopici	O
meldet	O
von	O
den	O
Christen	O
in	O
Mohrenland	B-LOC
daß	O
sie	O
bey	O
ihrem	O
Gottesdienst	O
Cymbalen	O
Cythern	O
und	O
Harpffen	O
gebrauchen	O
welches	O
schon	O
vor	O
langer	O
Zeit	O
bey	O
ihnen	O
üblich	O
gewesen	O
;	O
doch	O
ists	O
nach	O
Beschaffenheit	O
der	O
Zeiten	O
ungleich	O
mit	O
sothaner	O
Jnstrumental	O
Music	O
gestanden	O
wie	O
die	O
Christen	O
zur	O
Zeit	O
der	O
schweren	O
Verfolgungen	O
ihre	O
Orgeln	O
und	O
Harpffen	O
an	O
die	O
Weiden	O
hengen	O
und	O
Klagelieder	O
anstimmen	O
müssen	O
bis	O
Gott	O
die	O
Hertzen	O
Christlicher	O
Potentaten	O
erleuchtet	O
daß	O
sie	O
auch	O
sich	O
deß	O
Gottesdienstes	O
treulich	O
angenommen	O
weßwegen	O
nicht	O
allein	O
Volateranus	B-PER
,	O
Platina	B-PER
und	O
Cranzius	B-PER
berichten	O
daß	O
umbs	O
Jahr	O
Christi	O
653	O
oder	O
660	O
die	O
Orgeln	O
wieder	O
in	O
den	O
Kirchen	O
angeordnet	O
worden	O
zu	O
mehrer	O
Vollstimmung	O
und	O
Wollautung	O
deß	O
Kirchen	O
Gesangs	O
sondern	O
es	O
ist	O
auch	O
überflüssig	O
bekannt	O
wie	O
Käiser	O
Carolus	B-PER
M	I-PER
die	O
edle	O
Music	O
befördert	O
dessen	O
Herr	O
Vatter	B-PER
König	I-PER
Pipinus	B-PER
von	O
Constantino	B-PER
Copronymo	I-PER
Constantinopolitanischen	O
Käiser	O
umbs	O
Jahr	O
Christi	O
757	O
ein	O
neues	O
grosses	O
Orgelwerck	O
mit	O
zinnern	O
Pfeiffen	O
deßgleichen	O
damals	O
in	O
Franckreich	B-LOC
und	O
Teutschland	B-LOC
noch	O
nicht	O
gesehen	O
worden	O
durch	O
Gesandten	O
verehret	O
bekommen	O
.	O
	
Alle	O
unsere	O
Lieder	O
in	O
dieser	O
Kirchen	B-LOC
,	O
ja	O
in	O
der	O
ganzen	O
Stadt	O
,	O
wurden	O
darauf	O
in	O
ein	O
Heulen	O
verkehret	O
,	O
und	O
in	O
Wehklagen	O
verwandelt	O
.	O
	
und	O
die	O
erinnert	O
dich	O
des	O
gemeinen	O
Weltlaufs	O
da	O
Lachen	O
und	O
Weinen	O
Lieben	O
und	O
Hassen	O
Fried	O
und	O
Streit	O
Freude	O
und	O
Traurigkeit	O
wunderlich	O
durcheinander	O
gehen	O
und	O
seltsam	O
ineinander	O
vermischt	O
seyn	O
.	O
	
Ey	O
wie	O
vielmehr	O
sollen	O
wir	O
vernünfftige	O
Menschen	O
Tag	O
und	O
Nacht	O
Gott	O
und	O
Jesum	O
loben	O
und	O
preissen	O
:	O
	
Und	O
da	O
nenne	O
ich	O
zuerst	O
die	O
Hochansehnlichen	O
Herren	O
Bürgermeistere	O
dieser	O
Stadt	B-LOC
,	O
als	O
Patronen	O
unserer	O
Kirche	B-LOC
,	O
von	O
denen	O
ich	O
gewiß	O
weiß	O
,	O
daß	O
Sie	O
sich	O
eine	O
wahre	O
Freude	O
daraus	O
machen	O
werden	O
,	O
diesen	O
Namen	O
zu	O
führen	O
,	O
da	O
sogar	O
von	O
den	O
Grossen	O
dieser	O
Erde	O
in	O
Gottes	O
Wort	O
stehet	O
,	O
daß	O
sie	O
Pfleger	O
der	O
Kirche	O
seyn	O
,	O
und	O
das	O
Amt	O
haben	O
sollen	O
,	O
für	O
ihren	O
äusserlichen	O
Wohlstand	O
zu	O
sorgen	O
.	O
	
Dein	O
majestätischer	O
Ton	O
erwecke	O
in	O
uns	O
tiefen	O
Ernst	O
und	O
stilles	O
Nachdenken	O
;	O
erschüttre	O
mächtig	O
des	O
Sünders	O
Herz	O
,	O
schrecke	O
ihn	O
zur	O
Besinnung	O
auf	O
und	O
wecke	O
ihn	O
zur	O
Schaam	O
,	O
zur	O
Reue	O
,	O
zur	O
Buße	O
.	O
	
Denn	O
Gott	O
hat	O
unser	O
Hertz	O
und	O
Muth	O
frölich	O
gemacht	O
durch	O
seinen	O
lieben	O
Sohn	O
welchen	O
er	O
für	O
uns	O
gegeben	O
hat	O
zur	O
Erlösung	O
von	O
Sünden	O
Todt	O
und	O
Teuffel	O
.	O
	
aber	O
mein	O
Spem	O
Retine	O
hat	O
mich	O
immer	O
wieder	O
frölich	O
gemacht	O
und	O
ich	O
habe	O
es	O
(	O
billig	O
rühme	O
ichs	O
meinem	O
Gott	O
zu	O
Ehren	O
hier	O
öffentlich	O
!	O
	
Wir	O
wir	O
haben	O
gesündiget	O
und	O
sind	O
ungehorsam	O
gewest	O
darumb	O
hast	O
du	O
billich	O
nicht	O
verschonet	O
.	O
	
Es	O
hat	O
auch	O
weder	O
Lutherus	B-PER
noch	O
ein	O
anderer	O
Evangelischer	O
Theologus	O
die	O
Orgeln	O
vor	O
ein	O
nothwendiges	O
Stück	O
des	O
Gottesdiensts	O
bishero	O
ausgegeben	O
man	O
hat	O
sie	O
unter	O
die	O
Adiaphora	O
oder	O
Mittel	O
Dinge	O
gezehlet	O
ohne	O
und	O
mit	O
welchen	O
man	O
ein	O
guter	O
Christ	O
bleiben	O
könne	O
inmassen	O
Lutherus	B-PER
T	O
5	O
Altenb	O
.	O
	
Mehr	O
als	O
80	O
Feld	O
Züge	O
müst	O
ihr	O
treuen	O
Streiter	O
Jesu	O
mit	O
dem	O
Teuffel	O
,	O
der	O
Welt	O
und	O
Sünde	O
wagen	O
!	O
	
Sein	O
Segen	O
ersetze	O
,	O
was	O
ihr	O
aus	O
eigenem	O
Triebe	O
zu	O
allen	O
erwehnten	O
beygetragen	O
,	O
und	O
schencke	O
euch	O
dafür	O
noch	O
vielmehr	O
,	O
um	O
weiterhin	O
auch	O
ein	O
mehreres	O
zu	O
Erhaltung	O
der	O
Kirchen	O
und	O
anderer	O
Gottes	O
Häuser	O
ohne	O
Zwang	O
opfern	O
zu	O
können	O
.	O
	
Ein	O
Psalm	O
Davids	B-PER
vorzusingen	O
auf	O
Seitenspielen	O
.	O
	
So	O
sage	O
Gott	O
und	O
Jesu	O
Danck	O
Für	O
diesen	O
gutn	O
Dreyfachen	O
Klang	O
.	O
	
Wir	O
erinnern	O
uns	O
hierbey	O
zweyerley	O
:	O
	
9	O
B	O
4	O
a	O
Ita	O
M	O
Adam	B-PER
Erdmann	I-PER
Mirus	I-PER
de	O
Musica	O
Sacra	O
Part	O
.	O
	
Gelobet	O
seystu	O
in	O
deinen	O
heiligen	O
und	O
herrlichen	O
Tempel	O
und	O
müssest	O
gerühmet	O
und	O
gepreiset	O
werden	O
ewiglich	O
.	O
	
Ererbet	O
das	O
Reich	O
das	O
euch	O
bereitet	O
ist	O
.	O
	
111	O
Was	O
Er	B-PER
ordnet	O
das	O
ist	O
löblich	O
vnd	O
herrlich	O
:	O
	
was	O
für	O
eine	O
Symmetrie	O
und	O
Evrythmie	O
des	O
Gebäudes	O
des	O
Tempels	B-LOC
und	O
der	O
Gestalt	O
der	O
heiligen	O
Gefäße	O
!	O
	
Wirdt	O
aber	O
deß	O
Herrn	O
Heyligtumb	O
genennet	O
weil	O
der	O
Herr	O
seines	O
Namens	O
gedächtnuß	O
darinn	O
vor	O
andern	O
gestifftet	O
die	O
Lade	O
deß	O
Bundts	O
mit	O
Guldinen	O
Cherubinen	O
dareinsetzen	O
auch	O
sein	O
heyligen	O
Gottesdienst	O
hierinn	O
verrichten	O
lassen	O
vnd	O
daselbsten	O
sein	O
Heilige	O
praesenz	O
vnnd	O
Gegenwart	O
den	O
Kindern	O
Jsrael	B-LOC
versprochen	O
wie	O
neben	O
andern	O
im	O
2	O
Buch	O
Mosi	O
am	O
20	O
v	O
24	O
zusehen	O
ist	O
.	O
	
Jch	O
dancke	O
dir	O
Gott	O
daß	O
ich	O
nicht	O
bin	O
wie	O
die	O
andern	O
Leute	O
etc	O
Daß	O
er	O
Gott	O
danckte	O
vor	O
die	O
ihm	O
bißher	O
verliehene	O
Gnade	O
war	O
nicht	O
unrecht	O
:	O
	
Aurelianus	O
,	O
Philippus	B-PER
,	O
Constantius	B-PER
und	O
Constantinus	B-PER
M	I-PER
denen	O
Christen	O
vergönnet	O
neue	O
Kirchen	O
auffzubauen	O
oder	O
die	O
heydnischen	O
Tempel	O
einzunehmen	O
haben	O
die	O
Christlichen	O
Lehrer	O
dem	O
Exempel	O
der	O
Jüden	O
nachgehende	O
dienlich	O
zu	O
seyn	O
erachtet	O
daß	O
solche	O
zuvor	O
mit	O
Gebet	O
und	O
Dancksagung	O
eingeweihet	O
würden	O
.	O
	
G	O
Jst	O
ein	O
verwunderlicher	O
Buchstab	O
den	O
Propheten	O
Baalam	B-PER
Vnbericht	O
deme	O
es	O
ja	O
seltzam	O
vorkommen	O
.	O
	
Was	O
bekümmert	O
euch	O
Armuth	O
und	O
Elend	O
?	O
	
warum	O
wollten	O
wir	O
denn	O
also	O
nicht	O
,	O
dieser	O
so	O
gut	O
gemeynten	O
hohen	O
Verordnung	O
,	O
willig	O
und	O
gerne	O
nachommen	O
.	O
	
Bey	O
einer	O
so	O
gründlichen	O
Erwägung	O
der	O
kostbaren	O
Einrichtungen	O
Gottes	O
kommt	O
es	O
,	O
vermittelst	O
eines	O
heiligen	O
Aufsehens	O
zweytens	O
auch	O
zum	O
Gebet	O
und	O
Lobe	O
Gottes	O
über	O
sein	O
in	O
der	O
Kirche	O
angefangenes	O
,	O
und	O
wol	O
vollendetes	O
Werk	O
.	O
	
Die	O
mich	O
ein	O
Kind	O
des	O
Lebens	O
heißt	O
.	O
	
ibid	O
v	O
12	O
und	O
13	O
Mehr	O
trosts	O
nun	O
zu	O
sich	O
zuerholen	O
und	O
vollends	O
den	O
rechten	O
Weg	O
zur	O
Seligkeit	O
zulernen	O
kommen	O
sie	O
zu	O
den	O
Herrn	O
Jesv	O
daß	O
sie	O
ihn	O
höreten	O
wie	O
Lucas	O
im	O
heutigen	O
Evangelio	O
meldet	O
bey	O
welchem	O
sie	O
auch	O
sowohl	O
ankommen	O
daß	O
der	O
Herr	O
mit	O
ihnen	O
isset	O
und	O
uffs	O
freundlichste	O
mit	O
ihnen	O
umb	O
gehet	O
.	O
	
XXIX	O
,	O
1	O
2	O
XCVI	O
,	O
7	O
sq	O
.	O
	
16	O
11	O
da	O
wird	O
man	O
sich	O
freuen	O
mit	O
unaussprechlicher	O
herrlicher	O
Freude	O
.	O
	
Da	O
sind	O
denn	O
dißweilen	O
Leute	O
von	O
unterschiedlichen	O
Religionen	O
und	O
Nationen	O
.	O
	
Warumb	O
werden	O
sie	O
immer	O
unverständiger	O
und	O
nicht	O
verständig	O
was	O
da	O
sey	O
des	O
Herrn	O
Wille	O
?	O
	
Vnd	O
was	O
wollen	O
wir	O
von	O
unserm	O
seligem	O
Vater	B-PER
dem	O
Herrn	O
Luthero	B-PER
sagen	O
?	O
	
Uber	O
einen	O
Todten	O
pfleget	O
man	O
vielmehr	O
zu	O
trauren	O
denn	O
er	O
hat	O
das	O
Licht	O
nicht	O
mehr	O
nach	O
dem	O
Bericht	O
Sirachs	B-PER
und	O
dem	O
Zeugniß	O
der	O
täglichen	O
und	O
kläglichen	O
Erfahrung	O
.	O
	
Dahin	O
gehöret	O
bey	O
dieser	O
Ubergebung	O
auch	O
die	O
laute	O
Stimme	O
unserer	O
neuen	O
Orgel	O
.	O
	
Zach	B-PER
Bover	I-PER
in	O
Anno	O
1540	O
Hat	O
ihme	O
dieser	O
gottseelige	O
Diener	O
GOttes	O
geforchten	O
vor	O
dem	O
strengen	O
Göttlichen	O
Richter	O
in	O
dem	O
er	O
sich	O
doch	O
Tag	O
vnd	O
Nacht	O
darzu	O
bereit	O
hat	O
wie	O
soll	O
vns	O
dann	O
nicht	O
ein	O
Entsatzung	O
anstossen	O
wegen	O
deß	O
genauen	O
Richters	O
die	O
wir	O
selten	O
oder	O
gar	O
nicht	O
vns	O
zu	O
diesem	O
Hintritt	O
richten	O
?	O
	
Wie	O
wenn	O
Paulus	B-PER
was	O
davon	O
gehöret	O
hätte	O
,	O
da	O
er	O
bis	O
in	O
den	O
dritten	O
Himmel	O
entzücket	O
war	O
,	O
und	O
unaussprechliche	O
Worte	O
hörte	O
,	O
welche	O
kein	O
Mensch	O
sagen	O
kan	O
?	O
	
Da	O
wird	O
keine	O
falsche	O
Pfeiffe	O
mehr	O
darunter	O
heulen	O
kein	O
Sänger	O
wird	O
mehr	O
fehlen	O
es	O
wird	O
nicht	O
contra	O
punct	O
gehen	O
.	O
	
Dieß	O
ganze	O
Reich	B-LOC
,	O
die	O
Einwohner	O
dieser	O
Residenz	B-LOC
und	O
diese	O
Versammlung	O
wissen	O
,	O
daß	O
er	O
an	O
den	O
Blutgierigen	O
,	O
an	O
den	O
Falschen	O
,	O
an	O
den	O
Religionsspöttern	O
keinen	O
Gefallen	O
hat	O
;	O
sondern	O
er	O
mit	O
David	B-PER
sagen	O
kann	O
:	O
	
Billich	O
vnd	O
nohtwendig	O
wil	O
es	O
vnter	O
anderm	O
seyn	O
das	O
mit	O
sattem	O
Grund	O
vnd	O
Beweiß	O
die	O
Bapstische	O
Großsprecher	O
vnd	O
Lügenmeister	O
auffs	O
Maul	O
gleich	O
geschlagen	O
werden	O
was	O
sie	O
von	O
des	O
Bischoffs	O
Bennonis	B-PER
zu	O
Meissen	B-LOC
vermeinten	O
Wundern	O
vnnd	O
Thaten	O
nach	O
seinem	O
Tode	O
auffs	O
newe	O
in	O
Beyern	O
jetzo	O
wollen	O
außgeben	O
do	O
die	O
todte	O
Knochen	O
ermelten	O
Bischoffs	O
bald	O
mit	O
Wunderwercken	O
der	O
Allmechtigen	O
Krafft	O
vnnd	O
lebendigmachendem	O
Fleisch	O
des	O
Herrn	O
Christi	O
selbst	O
es	O
sollen	O
vorgethan	O
haben	O
vnd	O
noch	O
thun	O
.	O
	
Das	O
GrundWort	O
bedeütet	O
zuweilen	O
ein	O
starckes	O
Freüden	O
Geschrey	O
,	O
und	O
wird	O
gebraucht	O
ein	O
Jauchtzen	O
derer	O
Landleüte	O
zu	O
beschreiben	O
,	O
von	O
Gott	O
die	O
Erndte	O
und	O
Viehezucht	O
segnet	O
.	O
	
Wenn	O
er	O
abermahl	O
im	O
14	O
Cap	O
vom	O
Himmel	O
eine	O
Stimme	O
hörete	O
als	O
der	O
Harffenspieler	O
die	O
auf	O
ihren	O
Harffen	O
spielen	O
:	O
	
non	O
tamen	O
damnari	O
debet	O
moderatus	O
organorum	O
usus	O
,	O
cum	O
a	O
sanctissimis	O
und	O
sapientissimis	O
viris	O
,	O
ac	O
novissime	O
a	O
sancto	O
Tridentino	O
Concilio	O
approbatus	O
und	O
permissus	O
sit	O
.	O
	
Fragst	O
du	O
von	O
der	O
schönen	O
Helena	B-PER
Cleopatra	B-PER
und	O
andern	O
Venus	O
Bildern	O
:	O
	
an	O
biß	O
zu	O
dem	O
30	O
also	O
lauten	O
:	O
	
Ehe	O
sie	O
sichs	O
versehen	O
reisst	O
der	O
Tod	O
die	O
Säiten	O
entzwey	O
sticht	O
ein	O
Loch	O
in	O
die	O
Sack	O
Pfeiffen	O
zerbricht	O
das	O
Spiel	O
und	O
stimmt	O
ein	O
Lamento	O
nach	O
dem	O
andern	O
an	O
daß	O
man	O
nichts	O
als	O
Klagen	O
Weinen	O
und	O
Heulen	O
höret	O
.	O
	
welches	O
zwar	O
nicht	O
allenthalben	O
sein	O
kan	O
)	O
geschehen	O
möge	O
vnd	O
solle	O
das	O
bringen	O
mit	O
sich	O
die	O
außtruckenliche	O
wort	O
des	O
verleßnen	O
letsten	O
Psalmens	O
deren	O
ettliche	O
vnter	O
dem	O
grossen	O
Orgelwerck	O
mit	O
grossen	O
Buchstaben	O
geschrieben	O
seind	O
also	O
lauttend	O
:	O
	
Neben	O
Register	O
waren	O
:	O
	
Der	O
Baß	O
gehet	O
gar	O
tieff	O
also	O
soll	O
es	O
bey	O
uns	O
heissen	O
:	O
	
vielleicht	O
so	O
viel	O
als	O
ein	O
halb	O
jähriges	O
Kind	O
zehlen	O
kan	O
;	O
Sage	O
mehr	O
ein	O
läßliche	O
Sünd	O
sey	O
nichts	O
.	O
	
Jn	O
der	O
ersten	O
Zeit	O
des	O
heiligen	O
Evangelii	O
liebete	O
unser	O
Heiland	O
mit	O
den	O
Seinigen	O
den	O
Tempel	O
selbst	O
von	O
Jugend	O
auf	O
,	O
bis	O
zu	O
dessen	O
völligen	O
Verwüstung	O
.	O
	
Deines	O
besten	O
Freunds	O
vergessen	O
?	O
	
Und	O
was	O
du	O
diesem	O
thust	O
,	O
thust	O
du	O
Gotte	O
.	O
	
c	O
23	O
Unzahlbare	O
solcher	O
Erscheinungen	O
findet	O
man	O
schier	O
in	O
allen	O
Büchern	O
ja	O
es	O
streicht	O
mehrmahl	O
nicht	O
ein	O
Jahr	O
vorbey	O
in	O
welchem	O
nicht	O
da	O
vnd	O
dort	O
dergleichen	O
Begebenheiten	O
sich	O
ereignen	O
allein	O
begegnet	O
hierinfalls	O
eine	O
Beschwärnus	O
vnd	O
harte	O
Frag	O
wie	O
vnd	O
was	O
gestalten	O
man	O
erkennen	O
kan	O
ob	O
sothane	O
Erscheinung	O
warhafftig	O
sey	O
oder	O
aber	O
grundloß	O
vnd	O
mit	O
Spiegelfechterey	O
gefüttert	O
.	O
	
Gott	O
Lob	O
und	O
danck	O
der	O
nicht	O
zu	O
gab	O
daß	O
jhr	O
Schlund	O
uns	O
möcht	O
fangen	O
wie	O
ein	O
Vogel	O
des	O
Stricks	O
kömpt	O
ab	O
ist	O
unser	O
Seel	O
entgangen	O
Strick	O
ist	O
entzwey	O
und	O
wir	O
sind	O
frey	O
des	O
Herrn	O
Name	O
steh	O
uns	O
bey	O
des	O
Gottes	O
Himmels	O
und	O
der	O
Erden	O
.	O
	
Es	O
wissen	O
eure	O
Christliche	O
Liebe	O
das	O
hin	O
und	O
wieder	O
und	O
sonderlich	O
in	O
Psalter	O
Büchlein	O
unterschiedliche	O
Befehliche	O
verhanden	O
aus	O
welchen	O
klar	O
zusehen	O
und	O
abzunehmen	O
das	O
man	O
nicht	O
alleine	O
mit	O
Menschlicher	O
Stimme	O
das	O
ist	O
mit	O
Singen	O
sondern	O
auch	O
mit	O
allerley	O
Jnstrumenten	O
das	O
ist	O
mit	O
Klingen	O
Gott	O
loben	O
rühmen	O
vnd	O
preisen	O
solle	O
.	O
	
Moriamur	O
in	O
Domino	O
!	O
	
Schaut	O
meine	O
Wienner	O
;	O
der	O
sterblichen	O
Wampen	O
dem	O
fuetergirigen	O
Schmer	O
Bauch	O
disem	O
üppigen	O
Mertzen	O
Kalb	O
disem	O
verkleydten	O
Sautrog	O
dem	O
Leib	O
schlagt	O
man	O
nichts	O
ab	O
es	O
kost	O
was	O
es	O
woll	O
;	O
Alle	O
Elementen	O
müssen	O
spendieren	O
:	O
	
also	O
muß	O
ein	O
Christ	O
nicht	O
nach	O
seinem	O
äuserlichen	O
sondern	O
innerlichen	O
Wehrt	O
und	O
Zustande	O
geschätzet	O
werden	O
.	O
	
Klage	O
Ach	O
und	O
Weh	O
!	O
	
Spiritibus	O
gaudet	O
Uterque	O
bonis	O
.	O
	
Jch	O
ruffe	O
an	O
mit	O
meiner	O
Stimme	O
den	O
Herrn	O
so	O
erhöret	O
er	O
mich	O
von	O
seinem	O
Heil	O
Berge	O
Sela	O
Ps	O
III	O
5	O
Süsse	O
und	O
lieblich	O
klinget	O
für	O
Gott	O
euer	O
Lob	O
und	O
Danck	O
Stimme	O
wenn	O
das	O
anmuthige	O
Halleluja	O
intoniret	O
wird	O
:	O
	
Ipse	O
fuit	O
Pater	O
canentium	O
Cythara	O
und	O
Organo	O
,	O
das	O
ist	O
Jubal	B-PER
ist	O
ein	O
Vatter	O
derer	O
welche	O
auff	O
der	O
Cyther	O
vnd	O
Orgel	O
schlagen	O
:	O
	
Introite	O
adorantes	O
,	O
Dominumqve	O
celebrantes	O
Ore	O
laeto	O
canite	O
.	O
	
Darüm	O
sollen	O
Klein	O
und	O
Grosse	O
,	O
Jung	O
und	O
Alte	O
,	O
Arme	O
und	O
Reiche	O
,	O
die	O
vorgehen	O
und	O
nachfolgen	O
,	O
ihren	O
Lobgesang	O
erschallen	O
lassen	O
.	O
	
Wecke	O
uns	O
auf	O
,	O
sooft	O
wir	O
den	O
Schall	O
der	O
Orgel	O
hören	O
,	O
und	O
erhebe	O
unsern	O
Geist	O
in	O
Andacht	O
zu	O
Dir	O
;	O
in	O
deiner	O
heiligen	O
Gegenwart	O
eifrig	O
und	O
brünstig	O
zu	O
betten	O
und	O
zu	O
singen	O
,	O
und	O
deine	O
Wunder	O
zu	O
verkündigen	O
in	O
der	O
grossen	O
Gemeinde	O
.	O
	
Dieses	O
Beten	O
sollte	O
in	O
einer	O
gedoppelt	O
guten	O
Absicht	O
geschehen	O
.	O
	
17	O
Lernet	O
auch	O
hier	O
ihre	O
Willigkeit	O
.	O
	
Repurgatum	O
,	O
Renovatum	O
,	O
Consecratumqve	O
S	O
S	O
Trinitati	O
XV	O
Calendis	O
Septembris	O
,	O
Anno	O
1589	O
Nachdem	O
aber	O
im	O
1629	O
und	O
folgenden	O
Jahren	O
sich	O
auffs	O
neue	O
die	O
vorigen	O
Greuel	O
und	O
Jrrthum	O
in	O
dieser	O
Kirchen	O
wieder	O
finden	O
wollen	O
so	O
hat	O
unser	O
gnädigster	O
Fürst	B-PER
und	I-PER
Herr	I-PER
als	O
zuvor	O
Anno	O
1631	O
solches	O
Unwesen	O
wieder	O
abgeschafft	O
alsbald	O
bey	O
Antritt	O
dero	O
glücklichen	O
Landes	O
Regierung	O
nichts	O
unterlassen	O
was	O
zur	O
gebührenden	O
Anstalt	O
Erhaltung	O
und	O
Fortpflantzung	O
deß	O
waren	O
Gottesdiensts	O
nötig	O
gewesen	O
.	O
	
ein	O
hoffärtiges	O
Frauen	O
Zimmer	O
ist	O
bey	O
weitem	O
viel	O
stöltzer	O
.	O
	
Jch	O
geschweige	O
daß	O
durch	O
die	O
Music	O
die	O
wildesten	O
und	O
grausamsten	O
Bestien	O
auch	O
andere	O
unvernünfftige	O
Thiere	O
dermassen	O
bewogen	O
werden	O
daß	O
sie	O
sich	O
gleichsam	O
selbst	O
vergessen	O
.	O
	
Ja	O
wie	O
ihr	O
Hertz	O
durch	O
das	O
liebliche	O
schlagen	O
der	O
Orgel	O
erfreuet	O
wird	O
,	O
sie	O
auch	O
ihren	O
armen	O
Nechsten	O
durch	O
Wolthätigkeit	O
erfreuen	O
mögen	O
.	O
	
Nach	O
diesem	O
Einwurff	O
gestehen	O
wir	O
es	O
gar	O
gerne	O
daß	O
es	O
zu	O
gedachter	O
Zeit	O
mit	O
dem	O
Orgel	O
Werck	O
höher	O
mag	O
kommen	O
seyn	O
als	O
es	O
in	O
voriger	O
Zeit	O
gewesen	O
;	O
Jndessen	O
ist	O
doch	O
dieses	O
gewiß	O
daß	O
dennoch	O
auch	O
in	O
voriger	O
Zeit	O
da	O
die	O
Kirchen	O
von	O
dem	O
Bäbstschen	O
Unwesen	O
noch	O
nicht	O
so	O
sehr	O
inficiret	O
war	O
man	O
in	O
den	O
Kirchen	O
sich	O
der	O
Orgeln	O
zur	O
Aufmunterung	O
der	O
Gemeine	O
bedienet	O
.	O
	
Posaunen	O
,	O
Psalter	O
,	O
Harfen	O
,	O
Pauken	O
,	O
Reigen	O
,	O
Saiten	O
,	O
Pfeiffen	O
und	O
Cymbeln	O
sollen	O
dieses	O
allgemeine	O
Frohlocken	O
von	O
der	O
Erde	O
bis	O
zum	O
Himmel	O
hinauf	O
erheben	O
.	O
	
Jn	O
der	O
Orgel	O
seyn	O
grosse	O
mittelmässige	O
und	O
kleine	O
Pfeiffen	O
.	O
	
Ich	O
will	O
lieber	O
der	O
Thür	O
hüten	O
in	O
meines	O
Gottes	O
Hauß	O
,	O
dann	O
lange	O
wohnen	O
in	O
den	O
Hütten	O
der	O
Gottlosen	O
.	O
	
lehre	O
du	O
uns	O
,	O
auch	O
singen	O
,	O
und	O
beten	O
,	O
wie	O
du	O
deine	O
Jünger	O
zu	O
betren	O
gelehret	O
hast	O
.	O
	
16	O
v	O
19	O
und	O
doch	O
gleichwohl	O
auch	O
bey	O
uns	O
hieniden	O
auff	O
Erden	O
ist	O
ja	O
bey	O
uns	O
bleiben	O
wil	O
alle	O
Tage	O
biß	O
an	O
der	O
Welt	O
Ende	O
Matth	O
am28	O
v	O
20	O
wie	O
an	O
dem	O
einen	O
Flügel	O
am	O
Rück	O
Positiv	O
angemahlt	O
.	O
	
1271	O
seq	O
Es	O
4026	O
Weißh	O
133	O
seq	O
Sir	O
431	O
seq	O
2	O
Effectivè	O
und	O
obedientaliter	O
:	O
	
Dazu	O
eine	O
grosse	O
menge	O
Volcks	O
zusammen	O
kommen	O
daß	O
man	O
Garküchen	O
auffschlagen	O
müssen	O
.	O
	
Wenn	O
iedes	O
Glied	O
thut	O
,	O
was	O
Gotte	O
zu	O
Lobe	O
gereichet	O
.	O
	
daß	O
so	O
offt	O
die	O
Orgel	O
Gottes	O
Ehren	O
Und	O
heiligs	O
Lob	O
vermehret	O
der	O
Höchst	O
Jhm	O
mög	O
gewähren	O
So	O
manchner	O
Gnad	O
Wolthat	O
und	O
also	O
reichlich	O
lohn	O
Hier	O
in	O
der	O
Zeit	O
und	O
dort	O
mit	O
schönster	O
Lebens	O
Kron	O
!	O
	
Auff	O
auff	O
lasst	O
uns	O
aus	O
dieser	O
Eitelkeit	O
zu	O
der	O
herrlichen	O
Ewigkeit	O
wandeln	O
!	O
	
Noch	O
viel	O
weniger	O
hette	O
man	O
gedacht	O
daß	O
es	O
dahin	O
kommen	O
würde	O
daß	O
an	O
diesen	O
beyden	O
Orten	O
allwo	O
sich	O
sonsten	O
wenig	O
Mittel	O
finden	O
auch	O
Orgeln	O
in	O
die	O
Kirchen	O
solten	O
verschaffet	O
werden	O
.	O
	
Denn	O
Adam	B-PER
nach	O
dem	O
Fall	O
nicht	O
anders	O
als	O
für	O
dem	O
Fall	O
ausgesehen	O
:	O
	
Die	O
Glaubens	O
Pfeiffen	O
wenn	O
sie	O
in	O
den	O
Hertzens	O
Stock	O
gesetzet	O
sind	O
,	O
und	O
dessen	O
Tangente	O
gerühret	O
,	O
und	O
das	O
Ventil	O
des	O
Mundes	O
eröffnet	O
wird	O
,	O
geben	O
eine	O
liebliche	O
Stimme	O
oder	O
Laut	O
von	O
sich	O
.	O
	
Quid	O
superbis	O
terra	O
und	O
cinis	O
?	O
	
Der	O
du	O
die	O
wohl	O
belohnest	O
,	O
die	O
deinen	O
Namen	O
fürchten	O
,	O
sey	O
der	O
Vergelter	O
und	O
der	O
Lohn	O
derer	O
,	O
welche	O
einen	O
Theil	O
ihres	O
Vermögens	O
zur	O
Erbauung	O
dieser	O
Orgel	O
gegeben	O
haben	O
,	O
und	O
laß	O
den	O
frommen	O
Werkmeister	B-PER
derselben	O
,	O
bey	O
seiner	O
Arbeit	O
zu	O
deinem	O
Dienste	O
in	O
der	O
Versicherung	O
deiner	O
Gnade	O
,	O
die	O
süsseste	O
Belohnung	O
seiner	O
Mühe	O
finden	O
.	O
	
Und	O
das	O
thaten	O
sie	O
auch	O
.	O
	
Singet	O
und	O
spielet	O
dem	O
Herrn	O
in	O
eurem	O
Herzen	O
,	O
Ephes	O
5	O
,	O
18	O
Zwar	O
war	O
die	O
Kirchenmusik	O
in	O
den	O
ersten	O
Jahrhunderten	O
bey	O
den	O
gottesdienstlichen	O
Versammlungen	O
der	O
Christen	O
nicht	O
allgemein	O
,	O
weil	O
die	O
mehresten	O
wegen	O
der	O
öffentlichen	O
Verfolgungen	O
von	O
Juden	O
und	O
Heiden	O
unter	O
großem	O
Druck	O
lebten	O
,	O
andere	O
sich	O
durch	O
den	O
Nichtgebrauch	O
der	O
Kirchenmusik	O
von	O
den	O
Heiden	O
unterscheiden	O
wollten	O
,	O
welche	O
dieselbe	O
bey	O
ihren	O
Schauspielen	O
,	O
Götzen	O
und	O
Bachusfesten	O
,	O
theils	O
zur	O
Verehrung	O
der	O
blinden	O
Götzen	O
,	O
theils	O
zur	O
Beförderung	O
ihres	O
unordentlichen	O
,	O
üppigen	O
und	O
fleischlichen	O
Wandels	O
unterhielten	O
.	O
	
Jm	O
Alten	O
Testament	O
predigte	O
man	O
erstlich	O
das	O
Wort	O
Gottes	O
in	O
den	O
Hütten	O
bey	O
den	O
Altaren	O
wie	O
bey	O
denen	O
lieben	O
Ertzvätern	O
geschah	O
Gen	O
4	O
v	O
26	O
Cap	O
8	O
v	O
20	O
Cap	O
12	O
v	O
8	O
Hernach	O
in	O
der	O
Stiffts	O
Hütten	O
biß	O
letzlich	O
in	O
dem	O
Tempel	B-LOC
Salomonis	B-PER
und	O
zu	O
Christi	O
Jesv	O
Zeiten	O
in	O
den	O
Schulen	O
auff	O
die	O
Sabbather	O
Act	O
13	O
v	O
14	O
15	O
44	O
Act	O
15	O
v	O
21	O
Erstlich	O
als	O
die	O
Orgeln	O
auffkamen	O
hatte	O
man	O
sie	O
allein	O
in	O
Stadt	O
Kirchen	O
itzo	O
ist	O
fast	O
keine	O
Dorff	O
Kirche	O
man	O
findet	O
(	O
Gott	O
Lob	O
)	O
ein	O
Orgel	O
drinne	O
also	O
nimmet	O
das	O
Lob	O
unsers	O
Gottes	O
zu	O
.	O
	
3	O
und	O
ziehet	O
an	O
das	O
Bußkleid	O
,	O
umgürtet	O
sich	O
mit	O
einem	O
Strick	O
,	O
und	O
macht	O
den	O
steiffesten	O
Vorsatz	O
nimmermehr	O
von	O
dem	O
einmahl	O
angetrettenen	O
Buß	O
Leben	O
abzuweichen	O
.	O
	
Rjchte	O
alle	O
deine	O
Sache	O
nach	O
Gottes	O
Wort	O
sagt	O
der	O
Weise	O
Mann	O
Syrach	B-PER
Cap	O
9	O
,	O
22	O
Zeiget	O
darmit	O
an	O
daß	O
wenn	O
ein	O
Mensch	O
etwas	O
thun	O
und	O
verrichten	O
wil	O
so	O
sol	O
er	O
Gottes	O
Wort	O
seinen	O
besten	O
und	O
gewissesten	O
Rathgeber	O
seyn	O
lassen	O
und	O
zusehen	O
daß	O
sein	O
Fürnehmen	O
Gottes	O
Wort	O
gemeß	O
sey	O
wie	O
dessen	O
der	O
König	O
David	B-PER
ein	O
Exempel	O
ist	O
der	O
saget	O
Psalm	O
.	O
	
hunc	O
epistola	O
28	O
ad	O
Dard	O
.	O
	
Desto	O
inbrünstiger	O
verehren	O
wir	O
die	O
Göttliche	O
Obhut	O
,	O
die	O
diß	O
abgewendet	O
,	O
und	O
mitten	O
unter	O
den	O
kümmerlichen	O
Zeiten	O
heute	O
mit	O
Freuden	O
diese	O
Einweihung	O
zu	O
vollziehen	O
,	O
uns	O
Ruhe	O
in	O
unsren	O
Mauren	O
und	O
Friede	O
in	O
unsern	O
Gotteshäusern	O
annoch	O
unverrückt	O
gönnet	O
.	O
	
Dancket	O
dem	O
Herren	O
etc	O
und	O
das	O
nicht	O
mit	O
Worten	O
auf	O
der	O
Zunge	O
,	O
sondern	O
mit	O
der	O
That	O
und	O
Wahrheit	O
eines	O
redlichen	O
Hertzens	O
.	O
	
Um	O
dessenthalben	O
da	O
unsere	O
bißherige	O
Orgel	O
welche	O
vor	O
einiger	O
Zeit	O
ein	O
Hoher	O
Gönner	O
und	O
sehr	O
grosser	O
Wohlthäter	O
wessen	O
Hohe	O
Person	O
und	O
Haus	O
wir	O
Gottes	O
unendlicher	O
Güte	O
zu	O
immerwährendem	O
Seegen	O
demüthig	O
empfehlen	O
aus	O
Preißwürdiger	O
Mildigkeit	O
und	O
Liebbe	O
zu	O
dieser	O
unserer	O
Evangelischen	B-LOC
Pfarr	I-LOC
Kirchen	I-LOC
verehret	O
hat	O
wegen	O
erheblichen	O
Ursachen	O
und	O
zumal	O
da	O
sie	O
bey	O
der	O
neulich	O
eingeführten	O
Veränderung	O
der	O
Lieder	O
Melodien	O
in	O
grosser	O
Versammlung	O
des	O
Volcks	O
begunte	O
zu	O
schwach	O
zu	O
lauten	O
abgebrochen	O
und	O
mit	O
Beybehaltung	O
unterschiedlichen	O
Pfeiffen	O
Wercks	O
diese	O
schöne	O
und	O
neue	O
Orgel	O
von	O
einem	O
weitberühmten	O
Künstler	B-PER
binnen	O
kurtzer	O
Zeit	O
rühmlich	O
erbauet	O
und	O
aufgerichtet	O
wurde	O
so	O
mußte	O
unsere	O
Orgel	O
einige	O
Zeitlang	O
gleichsam	O
schlaffen	O
und	O
ruhen	O
also	O
daß	O
wir	O
unsere	O
Gesänge	O
und	O
Lieder	O
ohne	O
deren	O
Klang	O
vor	O
Gott	O
darbrachten	O
:	O
	
—	O
Wie	O
heilig	O
ist	O
diese	O
Stätte	O
!	O
	
Wenn	O
dort	O
das	O
Hertz	O
und	O
Muth	O
den	O
Jsraeliten	O
in	O
der	O
Wüsten	O
zu	O
sincken	O
begunte	O
,	O
und	O
der	O
liebliche	O
Thon	O
auffgehöret	O
hatte	O
,	O
daß	O
sie	O
nicht	O
mehr	O
sungen	O
:	O
	
Für	O
die	O
Schwindsucht	O
wächst	O
ein	O
Kräul	O
Kräutl	O
für	O
die	O
Dürrsucht	O
wächst	O
ein	O
Kräutl	O
für	O
die	O
Lungel	O
Sucht	O
wächst	O
ein	O
Kräutl	O
für	O
die	O
Wassersucht	O
wächst	O
ein	O
Kräul	O
Kräutl	O
für	O
die	O
Gelbsucht	O
wächst	O
ein	O
Kräutl	O
aber	O
für	O
die	O
Sterbsucht	O
nicht	O
nicht	O
nicht	O
nicht	O
.	O
	
11	O
Paedag	O
.	O
	
X	O
v	O
12	O
Jhr	O
habt	O
Gottes	O
Stelle	O
hierbey	O
verwaltet	O
auf	O
Erden	O
,	O
der	O
dieses	O
gantze	O
Welt	O
Gebäude	O
,	O
und	O
die	O
darin	O
befindliche	O
Stände	O
,	O
als	O
ein	O
anmuhtiges	O
Orgel	O
Werck	O
zubereitet	O
,	O
darin	O
die	O
grossen	O
und	O
kleinen	O
Pfeiffen	O
,	O
ich	O
meyne	O
Reiche	O
und	O
Arme	O
in	O
richtiger	O
Ordnung	O
und	O
Harmonie	O
zusammen	O
gesetzet	O
:	O
	
Balthasar	B-PER
der	O
König	O
nachdem	O
er	O
den	O
Tempel	O
Gottes	O
beraubet	O
vnd	O
ein	O
kostbahres	O
Panquet	O
angestellt	O
da	O
nun	O
die	O
Gläser	O
lähr	O
die	O
Köpff	O
voll	O
kombt	O
ein	O
Gesandter	O
von	O
GOtt	O
vnd	O
deutet	O
dem	O
König	O
den	O
Todt	O
an	O
wer	O
hats	O
vermeint	O
?	O
	
Da	O
höret	O
man	O
denn	O
wie	O
die	O
Züge	O
und	O
Register	O
nacheinander	O
folgen	O
und	O
kan	O
es	O
eines	O
guten	O
Meisters	O
Hand	O
recht	O
machen	O
.	O
	
Sie	O
sprachen	O
:	O
	
1724	O
p	O
934	O
Ligatam	O
esse	O
orationem	O
und	O
omni	O
praeditam	O
poëmatis	O
ornatu	O
animadvertunt	O
omnes	O
,	O
sed	O
accurata	O
artis	O
ratio	O
adhuc	O
ignoratur	O
,	O
und	O
an	O
unqvam	O
indagabitur	O
,	O
de	O
eo	O
valde	O
dubitatur	O
.	O
	
Es	O
bezeugets	O
ja	O
unter	O
andern	O
insonderheit	O
dieser	O
Predigstul	O
welcher	O
zuförderst	O
mit	O
der	O
reinen	O
Evangelischen	O
Lehre	O
und	O
dero	O
Außbreitung	O
durch	O
ordentlich	O
darzu	O
beruffene	O
und	O
bestellte	O
Prediger	O
ist	O
versorget	O
und	O
im	O
1650	O
Jahre	O
zum	O
Andencken	O
deß	O
erlangten	O
Deutschen	O
Friedens	O
neben	O
dem	O
gegenüberstehenden	O
Fürstlichen	O
Kirch	O
Stüblein	O
mit	O
einem	O
schönen	O
Ornat	O
und	O
Decke	O
gezieret	O
worden	O
.	O
	
Drumb	O
spricht	O
David	B-PER
Ps	O
92	O
,	O
1	O
,	O
2	O
,	O
3	O
Das	O
ist	O
ein	O
köstlich	O
Ding	O
dem	O
Herrn	O
dancken	O
und	O
Lobsingen	O
deinem	O
Namen	O
du	O
Höchster	O
.	O
	
Das	O
Erste	O
Stück	O
.	O
	
Also	O
ists	O
geschrieben	O
und	O
also	O
muste	O
Christus	O
leiden	O
und	O
auferstehen	O
von	O
den	O
Toden	O
etc	O
Dahero	O
wir	O
denn	O
Ursach	O
hätten	O
nebst	O
fernerer	O
Betrachtung	O
der	O
Auferstehung	O
des	O
Herrn	O
Christi	O
auch	O
von	O
der	O
Hoheit	O
dieses	O
geschriebenen	O
Göttlichen	O
Worts	O
etwas	O
vor	O
dieses	O
mal	O
zu	O
handeln	O
weil	O
aber	O
solches	O
zu	O
anderer	O
Zeit	O
schon	O
auch	O
geschehen	O
so	O
schicken	O
wir	O
uns	O
nun	O
ferner	O
in	O
die	O
Zeit	O
und	O
nach	O
dem	O
wir	O
jetzo	O
zugleich	O
unser	O
neu	O
Orgelwerck	O
einzuweihen	O
mit	O
versammlet	O
sind	O
wird	O
sichs	O
nicht	O
unfüglich	O
schicken	O
wenn	O
wir	O
dabey	O
anstellen	O
eine	O
Betrachtung	O
einer	O
geistlichen	O
und	O
Gottwolgefälligen	O
Vocal	O
und	O
Jnstrumental	O
Music	O
.	O
	
Seht	O
diese	O
Stätte	O
,	O
von	O
der	O
euch	O
Worte	O
des	O
Lebens	O
verkündigt	O
werden	O
,	O
den	O
Ort	O
,	O
wo	O
eure	O
Kinder	O
die	O
heilige	O
Christenweihe	O
empfangen	O
,	O
und	O
ihr	O
sie	O
selbst	O
empfiengt	O
,	O
des	O
Altars	O
schönes	O
Gemählde	O
,	O
sein	O
ganzer	O
Schmuck	O
,	O
die	O
heiligen	O
Gefäße	O
,	O
alles	O
dies	O
ist	O
Folge	O
jener	O
Loosung	O
.	O
	
Vid	O
hic	O
citati	O
D	O
Boys	B-PER
Predigt	O
in	O
Dom	O
.	O
	
Wie	O
viel	O
frommer	O
Hertzen	O
hat	O
Gott	O
erwecket	O
die	O
ettwas	O
in	O
die	O
Kirchen	O
gestifftet	O
haben	O
?	O
	
Vater	O
Unser	O
,	O
etc	O
Text	O
.	O
	
163	O
Exempel	O
von	O
einem	O
Kind	O
in	O
der	O
Wiegen	O
und	O
einem	O
Mörder	O
.	O
	
Witsii	I-PER
Miscellan	O
.	O
	
Ps	O
CXXIII	O
1	O
Werden	O
wir	O
gen	O
Himmel	O
sehen	O
und	O
unsere	O
Augen	O
zu	O
Gott	O
erheben	O
:	O
	
Alle	O
Pfeiffen	O
in	O
einer	O
Orgel	O
werden	O
durch	O
einen	O
Wind	O
belebt	O
,	O
daß	O
sie	O
in	O
ihren	O
Thönen	O
zusammenstimmen	O
:	O
	
Qualiter	O
harmonico	O
concordant	O
Organa	O
cantu	O
;	O
Taliter	O
Imperii	O
consonet	O
Ordo	O
sacri	O
!	O
	
I	O
Sehen	O
wir	O
diese	O
unsere	O
neue	O
Orgel	O
an	O
so	O
fällt	O
uns	O
vor	O
allen	O
Dingen	O
der	O
Meister	B-PER
derselben	O
ein	O
der	O
sie	O
gesetzt	O
und	O
zum	O
theil	O
zu	O
hause	O
zum	O
theil	O
hier	O
in	O
der	O
Kirchen	O
verfertiget	O
hat	O
.	O
	
Schöpfer	O
alles	O
dessen	O
,	O
was	O
ist	O
,	O
auch	O
mein	O
Schöpfer	O
,	O
mein	O
Vater	O
und	O
Wohlthäter	O
,	O
wie	O
groß	O
,	O
wie	O
weise	O
und	O
gut	O
bist	O
du	O
!	O
	
O	O
seelig	O
!	O
	
Königsberg	B-LOC
gedruckt	O
mit	O
Reußnerischen	B-PER
Schrifften	O
.	O
	
Jam	O
olim	O
cantante	O
Hydraule	O
Darius	B-PER
pugnabat	O
,	O
Neroqve	O
dici	O
partem	O
per	O
Organa	O
hydraulica	O
circumduxit	O
.	O
	
Die	O
Kirchfahrt	O
die	O
er	O
nacher	O
Maria	B-LOC
Zell	I-LOC
verlobt	O
soll	O
ich	O
so	O
bald	O
es	O
nur	O
möglich	O
an	O
statt	O
seiner	O
verrichten	O
aber	O
dermahl	O
weil	O
es	O
Herbstzeit	O
vnd	O
der	O
Wein	O
Garten	O
ein	O
wachtsames	O
Aug	O
braucht	O
kans	O
nicht	O
seyn	O
will	O
sehen	O
wie	O
es	O
sich	O
im	O
Frühling	O
wird	O
schicken	O
vnderdessen	O
brat	O
er	O
vnd	O
brinnt	O
er	O
.	O
	
Das	O
wird	O
im	O
Himmel	O
unser	O
Ampt	O
und	O
Verrichtung	O
seyn	O
wir	O
werden	O
Gott	O
zu	O
Ehren	O
ein	O
Alleluja	O
nach	O
dem	O
andern	O
anstimmen	O
und	O
absingen	O
.	O
	
Apoc	O
V	O
,	O
8	O
Was	O
wollen	O
allhier	O
die	O
Harffen	O
in	O
den	O
Händen	O
der	O
XXIV	O
Aeltesten	O
?	O
	
erfülle	O
sie	O
allenthalben	O
mit	O
Heyl	O
und	O
Freude	O
und	O
Friede	O
im	O
Glauben	O
.	O
	
